COMMODITY_DESC,상품수,매출,진열률,전단률
SOFT DRINKS,846,287349.29,54.1,52.1
BEEF,225,239076.22,2.3,97.8
FLUID MILK PRODUCTS,128,182030.38,67.6,33.8
CHEESE,426,168623.91,45.9,58.6
FRZN MEAT/MEAT DINNERS,655,144212.26,32.6,77.3
BAG SNACKS,816,132159.3,85.3,19.2
BAKED BREAD/BUNS/ROLLS,597,131171.03,81.5,21.2
FROZEN PIZZA,478,129939.01,46.1,63.9
BEERS/ALES,501,127191.17,97.6,3.1
COLD CEREAL,291,100282.28,52.6,62.9
DELI MEATS,157,81698.04000000001,36.3,63.7
LUNCHMEAT,308,81379.45,48.3,60.2
ICE CREAM/MILK/SHERBTS,504,73330.37,44.7,64.9
SOUP,469,73066.9,66.2,37.2
PORK,183,72856.0,1.7,98.4
CHICKEN,55,71311.01,10.8,89.6
CANDY - PACKAGED,1827,66660.24,75.7,26.8
REFRGRATD JUICES/DRNKS,114,64365.69,39.4,68.3
CANNED JUICES,327,62536.6,48.8,57.2
MEAT - MISC,120,58698.01,88.7,16.0
CRACKERS/MISC BKD FD,455,58049.4,74.8,29.5
DOMESTIC WINE,801,54272.23,96.4,3.9
DIAPERS & DISPOSABLES,237,53912.27,33.5,74.7
YOGURT,290,53811.86,31.1,72.7
BATH TISSUES,72,52888.21,65.9,50.0
SEAFOOD - FROZEN,246,52272.270000000004,51.0,56.8
VEGETABLES - SHELF STABLE,338,50267.85,67.8,34.6
BAKED SWEET GOODS,400,49783.55,74.4,27.9
CONVENIENT BRKFST/WHLSM SNACKS,338,49041.63,48.1,58.6
COOKIES/CONES,643,48464.58,78.9,24.4
LAUNDRY DETERGENTS,199,48350.270000000004,47.0,64.0
COFFEE,322,48253.98,73.6,28.6
FROZEN MEAT,176,46560.590000000004,61.3,43.6
MEAT - SHELF STABLE,188,45639.56,57.4,45.6
DOG FOODS,370,44131.85,58.6,43.3
WATER - CARBONATED/FLVRD DRINK,188,43787.96,86.2,17.9
INFANT FORMULA,106,43260.979999999996,89.6,10.7
BREAKFAST SAUSAGE/SANDWICHES,138,41802.55,59.2,50.8
DINNER MXS:DRY,172,40874.47,68.4,35.8
SALAD MIX,101,40360.55,21.2,79.2
REFRGRATD DOUGH PRODUCTS,210,39817.68,45.9,58.9
FRZN VEGETABLE/VEG DSH,228,39526.06,38.3,68.9
BACON,53,39403.63,75.2,44.7
SALD DRSNG/SNDWCH SPRD,288,38997.67,47.9,55.7
POTATOES,37,38474.380000000005,63.5,36.7
FD WRAPS/BAGS/TRSH BG,159,37145.26,57.2,44.3
CONDIMENTS/SAUCES,335,37074.29,86.0,15.8
HISPANIC,652,36933.26,85.1,15.2
CHEESES,226,36469.76,75.5,24.6
DINNER SAUSAGE,148,36111.22,56.1,51.7
TROPICAL FRUIT,19,35955.200000000004,32.7,67.5
HAIR CARE PRODUCTS,1300,35861.32,50.6,53.8
EGGS,34,35831.32,75.0,30.0
MILK BY-PRODUCTS,76,35733.88,70.7,32.0
TOMATOES,19,35732.72,52.5,48.0
FRZN NOVELTIES/WTR ICE,235,35348.83,59.3,46.0
APPLES,75,35037.77,39.5,61.0
FRUIT - SHELF STABLE,169,34928.19,47.5,57.0
GRAPES,13,30966.48,15.4,84.6
CAKES,315,30064.4,55.3,45.2
BERRIES,35,29745.39,13.6,86.8
HOT DOGS,70,29691.34,64.6,46.7
PASTA SAUCE,153,29622.12,54.4,49.2
ORAL HYGIENE PRODUCTS,619,28623.57,74.1,29.0
DRY BN/VEG/POTATO/RICE,221,26872.01,61.9,40.8
PAPER TOWELS,49,26502.85,78.3,34.6
BAKING NEEDS,311,26017.17,94.4,6.2
BAKING MIXES,282,25825.98,63.2,40.1
HEAT/SERVE,94,25488.34,62.3,43.8
CAT FOOD,270,25398.84,43.9,57.3
CANDY - CHECKLANE,310,24972.62,79.3,24.4
CHICKEN/POULTRY,42,24971.9,2.4,97.6
HOUSEHOLD CLEANG NEEDS,183,24026.83,54.7,46.9
COLD AND FLU,489,23374.77,79.9,21.5
SUGARS/SWEETNERS,49,23092.16,93.1,9.0
SHORTENING/OIL,128,22898.94,70.5,30.5
PNT BTR/JELLY/JAMS,138,22547.05,71.7,30.4
FRZN BREAKFAST FOODS,166,22357.04,49.8,56.1
REFRIGERATED,241,21998.89,58.4,42.6
SPICES & EXTRACTS,392,21983.58,47.9,52.8
PAPER HOUSEWARES,108,21441.07,72.6,28.5
ISOTONIC DRINKS,111,21125.9,68.1,39.3
SEAFOOD - SHELF STABLE,95,20958.54,69.9,32.0
ANALGESICS,348,20797.72,58.9,43.2
VEGETABLES - ALL OTHERS,39,20508.15,59.5,40.7
MARGARINES,61,20327.149999999998,41.1,66.1
MAKEUP AND TREATMENT,2020,19809.27,18.0,82.3
MISC. DAIRY,129,19753.09,62.9,38.6
FRZN POTATOES,70,19566.329999999998,41.4,64.5
SOAP - LIQUID & BAR,385,19397.28,63.7,40.3
GREETING CARDS/WRAP/PARTY SPLY,751,19340.31,95.1,5.1
FROZEN PIE/DESSERTS,151,19281.31,48.1,60.7
DRY NOODLES/PASTA,140,19277.43,71.5,29.6
SEAFOOD-FRESH,113,18980.71,31.0,69.3
SHAVING CARE PRODUCTS,336,18887.89,65.7,36.8
PREPAID WIRELESS&ACCESSORIES,30,18298.39,78.0,22.2
BABY FOODS,273,17713.86,32.1,68.2
SMOKED MEATS,49,17596.2,31.2,69.9
IMPORTED WINE,381,17544.36,96.5,3.8
LAUNDRY ADDITIVES,130,17290.75,60.4,43.4
FROZEN BREAD/DOUGH,80,17282.08,41.9,61.9
VITAMINS,571,17215.58,44.5,58.2
FEMININE HYGIENE,300,16931.08,63.3,39.1
FACIAL TISS/DNR NAPKIN,70,16344.93,77.2,24.7
TURKEY,70,16029.67,18.9,81.7
BREAD,169,15920.960000000001,62.5,38.3
SALADS/DIPS,149,15799.25,62.5,38.0
HAND/BODY/FACIAL PRODUCTS,488,15675.53,49.9,51.9
CITRUS,44,15587.990000000002,33.2,67.2
AIR CARE,313,15550.4,65.1,36.6
VALUE ADDED FRUIT,28,15425.11,39.8,60.2
LIQUOR,256,15383.31,96.8,3.4
BUTTER,19,15215.279999999999,61.3,49.1
HOT CEREAL,70,15056.19,51.1,53.5
BREAKFAST SWEETS,124,15055.550000000001,55.6,45.7
DISHWASH DETERGENTS,89,14875.66,51.1,51.1
SNACK NUTS,140,14864.800000000001,93.5,6.9
BEANS - CANNED GLASS & MW,89,14465.43,74.0,30.1
STATIONERY & SCHOOL SUPPLIES,882,14422.91,76.3,24.4
FLORAL-FRESH CUT,133,14304.2,61.9,41.2
DEODORANTS,420,14095.24,54.0,48.9
CARROTS,9,14073.02,57.6,42.8
PWDR/CRYSTL DRNK MX,150,13925.84,83.9,17.7
CAT LITTER,58,13896.67,61.3,41.0
MAGAZINE,235,13827.07,100.0,0.0
DIETARY AID PRODUCTS,256,13622.2,68.4,33.0
WAREHOUSE SNACKS,141,13587.720000000001,77.5,26.2
PROCESSED,222,13539.960000000001,78.6,21.9
PEPPERS-ALL,19,13498.920000000002,56.0,44.0
ONIONS,18,13352.07,59.5,41.0
COOKIES,226,13281.92,85.6,15.3
BABY HBC,269,13119.23,51.6,51.3
ORGANICS FRUIT & VEGETABLES,116,12866.18,58.4,41.8
STONE FRUIT,17,12783.880000000001,0.0,100.0
PICKLE/RELISH/PKLD VEG,141,12221.51,61.5,39.1
BATTERIES,113,11768.48,78.1,25.8
AUDIO/VIDEO PRODUCTS,393,11565.05,61.3,40.4
POPCORN,126,11316.970000000001,65.5,36.1
SPRING/SUMMER SEASONAL,403,11193.93,76.5,24.1
DRY SAUCES/GRAVY,119,10991.05,91.1,9.8
PIES,126,10898.4,75.4,26.6
CHRISTMAS  SEASONAL,762,10371.52,53.3,47.9
SINUS AND ALLERGY,150,10129.710000000001,78.2,22.9
CHARCOAL AND LIGHTER FLUID,96,9529.54,93.1,8.2
DRY MIX DESSERTS,174,9167.94,81.2,19.9
ROLLS,110,9150.03,75.4,25.8
BROCCOLI/CAULIFLOWER,14,8972.47,47.4,53.2
MOLASSES/SYRUP/PANCAKE MIXS,68,8868.02,81.3,18.8
ANTACIDS,150,8838.42,58.7,43.2
DRIED FRUIT,139,8749.9,87.8,13.0
PREPARED FOOD,64,8398.220000000001,50.3,50.2
NUTS,84,8316.59,97.5,2.9
FITNESS&DIET,244,8170.89,66.7,36.0
FROZEN,197,8128.58,69.3,31.0
VEGETABLES SALAD,6,8125.43,50.5,49.7
MELONS,16,8108.51,20.1,80.1
MISC WINE,153,7982.92,98.8,1.4
MUSHROOMS,13,7769.87,55.2,45.4
TOYS AND GAMES,517,7767.67,61.6,39.0
PET CARE SUPPLIES,312,7764.22,66.1,34.0
FIRST AID PRODUCTS,259,7617.7,90.7,9.6
BROOMS AND MOPS,184,7610.83,56.4,44.3
TEAS,174,7484.07,81.0,19.1
PLASTIC HOUSEWARES,234,7182.72,70.0,31.1
BOOKSTORE,372,6581.07,63.0,37.7
VALUE ADDED VEGETABLES,43,6577.7,62.1,38.2
COCOA MIXES,60,6361.76,92.1,8.5
CEREAL/BREAKFAST,154,6316.29,74.1,29.3
ROSES,22,6235.29,42.6,58.6
KITCHEN GADGETS,363,6125.53,43.5,57.1
ELECTRICAL SUPPPLIES,115,6070.65,83.7,17.8
PARTY TRAYS,44,6037.38,30.6,69.6
FILM AND CAMERA PRODUCTS,142,5879.12,56.7,44.4
MISCELLANEOUS,39,5285.92,90.6,9.9
BLEACH,32,5251.280000000001,71.7,33.2
FROZEN - BOXED(GROCERY),78,5229.6,68.0,38.0
COOKWARE & BAKEWARE,207,5210.4400000000005,51.4,49.1
CHIPS&SNACKS,135,5146.58,86.9,15.6
FRZN FRUITS,18,5138.1,32.0,70.3
LAXATIVES,97,5089.650000000001,73.8,27.0
FRZN JCE CONC/DRNKS,54,4907.9,49.0,52.9
ADULT INCONTINENCE,49,4661.9400000000005,47.6,52.9
OLIVES,33,4336.16,92.3,8.0
SWEET GOODS & SNACKS,72,4329.0,80.4,20.5
CORN,10,4250.03,42.7,57.3
FLOUR & MEALS,30,4142.06,95.4,5.8
GARDEN CENTER,55,4016.01,42.1,58.1
PEARS,12,3999.81,8.3,91.7
FROZEN CHICKEN,22,3896.99,76.5,30.5
SNACKS,92,3857.03,99.6,0.5
INFANT CARE PRODUCTS,177,3754.35,41.8,58.5
CANDLES/ACCESSORIES,243,3721.38,88.2,13.2
COFFEE FILTERS,77,3674.29,69.4,31.4
HALLOWEEN,431,3646.01,29.3,71.8
WATER,40,3505.09,87.0,16.4
SNKS/CKYS/CRKR/CNDY,216,3360.4,93.1,8.0
JUICE,84,3268.67,73.4,29.1
RICE CAKES,41,3256.92,87.9,13.3
DISPOSIBLE FOILWARE,32,3241.9,100.0,0.0
HAIR CARE ACCESSORIES,255,3160.94,17.9,82.2
SQUASH,11,3082.67,0.0,100.0
CANNED MILK,23,3058.93,94.5,6.1
DOMESTIC GOODS,161,3026.5299999999997,53.9,47.6
FLORAL-FLOWERING PLANTS,58,2954.83,39.7,62.6
INSECTICIDES,95,2934.48,88.1,12.2
UNKNOWN,18,2693.06,34.9,65.5
APPAREL,157,2672.84,72.1,28.4
HOSIERY/SOCKS,227,2639.05,34.6,65.6
BATH,176,2510.38,70.6,29.6
FAMILY PLANNING,73,2446.89,100.0,0.0
SYRUPS/TOPPINGS,57,2407.41,96.6,4.3
HARDWARE SUPPLIES,97,2393.83,71.5,28.9
LAWN AND GARDEN SHOP,83,2384.22,44.3,56.8
NO COMMODITY DESCRIPTION,122,2350.79,95.5,4.5
SMOKING CESSATIONS,17,2311.59,66.1,33.9
PREPARED/PKGD FOODS,148,2283.73,89.0,11.2
J-HOOKS,223,2264.7200000000003,97.6,2.4
SUNTAN,140,2262.33,57.4,50.6
SANDWICHES,17,2103.94,47.1,52.9
SEAFOOD - MISC,73,2100.72,79.9,20.9
FALL AND WINTER SEASONAL,84,2029.92,86.6,13.5
NON-DAIRY BEVERAGES,66,1951.53,75.6,25.7
FOOT CARE PRODUCTS,63,1941.7,79.5,20.6
VALENTINE,232,1930.95,71.6,28.9
EYE AND EAR CARE PRODUCTS,36,1919.8,100.0,0.0
SPORTS MEMORABLILIA,109,1912.73,89.5,11.0
HERBS,40,1893.64,100.0,0.0
NEW AGE,39,1669.07,96.3,5.1
EASTER,158,1636.8400000000001,69.2,32.4
PORTABLE ELECTRIC APPLIANCES,48,1510.94,66.1,35.4
SEASONAL,14,1507.8,47.2,53.1
CONDIMENTS,93,1473.19,94.8,6.1
SALAD BAR,4,1469.61,0.0,100.0
PERSONAL CARE APPLIANCES,51,1436.06,96.2,3.9
AUTOMOTIVE PRODUCTS,37,1411.7800000000002,94.7,5.5
FRAGRANCES,58,1390.05,44.7,55.3
IRONING AND CHEMICALS,20,1382.4099999999999,73.3,26.7
BAKING,54,1364.75,100.0,0.0
TOBACCO OTHER,29,1347.47,99.6,0.5
FLORAL-FOLIAGE PLANTS,45,1344.83,68.0,32.8
PACKAGED NATURAL SNACKS,55,1202.14,100.0,0.0
HOME FURNISHINGS,41,1158.16,66.5,33.6
FRZN ICE,2,1083.82,66.7,33.3
BEVERAGE,42,1082.88,87.0,15.6
DELI SPECIALTIES (RETAIL PK),57,1056.06,99.4,0.6
PROPANE,2,1026.04,0.0,100.0
FIREWORKS,24,1012.66,68.2,39.7
BIRD SEED,24,1006.95,57.2,43.2
COSMETIC ACCESSORIES,36,956.07,82.8,17.9
ETHNIC PERSONAL CARE,113,916.76,17.2,82.8
EXOTIC GAME/FOWL,2,884.7400000000001,38.6,67.7
HOME FREEZING & CANNING SUPPLY,35,848.63,86.7,13.5
COUPONS/STORE & MFG,14,834.71,63.6,38.8
BAKERY PARTY TRAYS,37,817.03,94.6,5.4
GLASSWARE & DINNERWARE,77,790.4,56.0,44.7
CONTINUITIES,49,727.5200000000001,96.6,4.2
DRY TEA/COFFEE/COCO MIX,55,621.89,100.0,0.0
BABYFOOD,40,592.97,99.9,0.1
LONG DISTANCE CALLING CARDS,7,582.29,69.7,31.0
GIFT & FRUIT BASKETS,5,530.63,40.6,59.9
FLORAL- HARD GOODS,18,501.11,86.5,13.5
NON EDIBLE PRODUCTS,31,483.77000000000004,94.1,7.9
GLASSES/VISION AIDS,29,387.94,89.7,10.3
DOLLAR VALUE PRODUCTS,79,347.88,92.0,8.9
SERVICE BEVERAGE,19,272.29,100.0,0.0
FRZN SEAFOOD,7,264.90999999999997,95.7,5.2
SEWING,30,252.07,96.7,3.3
COFFEE SHOP SWEET GOODS&RETAIL,15,239.04,100.0,0.0
LAMB,6,232.97,33.3,66.7
CIGARETTES,2,222.44,100.0,0.0
WATCHES/CALCULATORS/LOBBY,16,212.21,83.5,17.0
NATURAL VITAMINS,9,205.25,89.4,10.8
NATURAL HBC,22,163.09,100.0,0.0
VEAL,2,137.19,50.0,50.0
PHARMACY,5,120.7,100.0,0.0
COUPON/MISC ITEMS,3,113.38000000000001,67.1,32.9
RESTRICTED DIET,23,100.22,100.0,0.0
FLORAL BALLOONS,6,82.63,50.0,50.0
BOUQUET (NON ROSE),1,80.9,100.0,0.0
COFFEE SHOP,5,64.87,60.1,39.9
SHOE CARE,11,62.900000000000006,100.0,0.0
MISCELLANEOUS HBC,1,59.800000000000004,100.0,0.0
BULK FOODS,4,41.02,100.0,0.0
EASTER LILY,1,31.98,100.0,0.0
PKG.SEAFOOD MISC,1,27.92,100.0,0.0
FLORAL-ACCESSORIES,4,19.4,100.0,0.0
FROZEN PACKAGE MEAT,1,12.99,100.0,0.0
SUSHI,3,12.65,100.0,0.0
HOME HEALTH CARE,1,10.49,100.0,0.0
TOYS,2,7.36,100.0,0.0
NDAIRY/TEAS/JUICE/SOD,1,2.38,39.8,63.1
