PRODUCT_ID,MANUFACTURER,DEPARTMENT,BRAND,COMMODITY_DESC,SUB_COMMODITY_DESC,CURR_SIZE_OF_PRODUCT,comparison,eligible_stores,reference_weeks,comparison_weeks,avg_reference_spv,avg_comparison_spv,mean_spv_difference,median_spv_difference,positive_spv_store_pct,mean_bpr_difference,median_bpr_difference,positive_bpr_store_pct,mean_basket_share_difference,mean_category_share_difference,zero_reference_stores,support_tier,is_repeated_sales_positive,is_repeated_penetration_positive,response_type,is_repeated_any_positive,product_level_spv_lift_pct
973861,69,GROCERY,Private,VEGETABLES - SHELF STABLE,BEANS GREEN: FS/WHL/CUT,14 1/4 OZ,both_vs_additive,13,81,61,0.009858469695825925,0.019670768859206947,0.00981229916338102,0.011107860195360197,53.84615384615385,0.010431959809851612,0.003827160493827161,61.53846153846154,0.004708258488033757,0.013523401875429084,0,multi_store_repeated,0,1,penetration_positive_only,1,99.53166633494395
830887,2557,GROCERY,National,CANNED JUICES,ASEPTIC PACK JUICE AND DRINKS,10/6.75 OZ,both_vs_additive,4,12,21,0.02756827847856556,0.03402616058882359,0.006457882110258025,0.001108798430552991,50.0,0.006460143808832006,0.0024158932120392556,75.0,0.003220570147426068,-0.011636378779281198,0,multi_store_repeated,0,1,penetration_positive_only,1,23.425046708226827
1041796,1075,GROCERY,National,CRACKERS/MISC BKD FD,BUTTER SPRAY CRACKER (RITZ/CLU,16 OZ,both_vs_additive,4,26,33,0.05641833282195975,0.06524265020693593,0.008824317384976169,0.0044710405387866844,50.0,0.0018967850173693462,0.007136903288786226,75.0,0.004356584082586976,-0.019815670303734545,0,multi_store_repeated,0,1,penetration_positive_only,1,15.640868745312297
990797,410,GROCERY,National,CRACKERS/MISC BKD FD,CHEESE CRACKERS (CHEEZ-ITS/GOL,16 OZ,both_vs_additive,3,26,29,0.02663783894972264,0.054553667703092994,0.027915828753370345,-0.00462882819110097,33.33333333333333,0.007830344265190846,0.006938139500882644,66.66666666666666,0.00790655579991994,0.0687566767415473,0,multi_store_repeated,0,1,penetration_positive_only,1,104.7976482103516
1038217,69,GROCERY,Private,CRACKERS/MISC BKD FD,SOUP CRACKERS (SALTINE/OYSTER),16 OZ,both_vs_additive,39,205,281,0.014059997257925524,0.03147409432319373,0.01741409706526821,0.014807414807414813,69.23076923076923,0.016254611368967886,0.014104397981905256,71.7948717948718,0.009694921254301658,0.07170679324338139,0,multi_store_repeated,1,1,sales_and_penetration_positive,1,123.8556220589019
1013321,69,GROCERY,Private,VEGETABLES - SHELF STABLE,BEANS GREEN: FS/WHL/CUT,14.5 OZ,both_vs_additive,32,220,154,0.02673508489665004,0.03578765344074529,0.009052568544095247,0.01316029251242178,62.5,0.006855232679061473,0.004527983943753406,62.5,0.0034184805600139772,-0.008108625214885876,0,multi_store_repeated,1,1,sales_and_penetration_positive,1,33.86025733260174
822407,1377,GROCERY,National,MEAT - SHELF STABLE,PASTA: CANNED,15 OZ,both_vs_additive,29,185,199,0.038167800278297095,0.04836639138073664,0.010198591102439553,0.01718489489899427,62.06896551724138,0.0061274778319347235,0.0037700281911453234,62.06896551724138,0.003614891750115815,0.03589557268315237,0,multi_store_repeated,1,1,sales_and_penetration_positive,1,26.720405755839828
1054262,1046,GROCERY,National,COLD CEREAL,KIDS CEREAL,13 OZ,both_vs_additive,13,46,97,0.018258626381444862,0.05484460328131194,0.03658597689986708,0.04785463659147872,76.92307692307693,0.015649281930809427,0.019601173802854477,69.23076923076923,0.008516721242484862,0.04992616170595362,0,multi_store_repeated,1,1,sales_and_penetration_positive,1,200.37639270086163
1058779,69,GROCERY,Private,SALD DRSNG/SNDWCH SPRD,POURABLE SALAD DRESSINGS,16 OZ,both_vs_additive,13,47,67,-0.0029853694460620986,0.02351458739536908,0.02649995684143118,0.004634625780136615,61.53846153846154,0.009556604527170493,0.006601217067784316,76.92307692307693,0.0030656714606465984,-0.021096983653625945,0,multi_store_repeated,1,1,sales_and_penetration_positive,1,
1122568,1046,GROCERY,National,COLD CEREAL,KIDS CEREAL,13 OZ,both_vs_additive,9,38,70,0.016641972036678353,0.03556787574663889,0.018925903709960536,0.02154861111111111,66.66666666666666,0.011077074754463475,0.011805555555555555,77.77777777777779,0.004972701179526323,-0.001404736906693794,1,multi_store_repeated,1,1,sales_and_penetration_positive,1,113.72392447390536
864774,942,GROCERY,National,CONDIMENTS/SAUCES,SALAD MUSTARD,14 OZ,both_vs_additive,8,33,38,0.0048528992471575496,0.013104176819363222,0.008251277572205673,0.01374145206501573,62.5,0.011293983835174761,0.01754230076589021,62.5,0.00420197303183933,-0.01530623769684078,0,multi_store_repeated,1,1,sales_and_penetration_positive,1,170.02779476698652
867668,69,GROCERY,Private,CRACKERS/MISC BKD FD,SOUP CRACKERS (SALTINE/OYSTER),14 OZ,both_vs_additive,7,34,34,0.010156366652333854,0.021866587626056578,0.011710220973722723,0.025225905201630573,71.42857142857143,0.00696100468822428,0.012169180317319488,71.42857142857143,0.0033493553533333006,0.04739410076887435,0,multi_store_repeated,1,1,sales_and_penetration_positive,1,115.29931297854246
1101173,317,GROCERY,National,DINNER MXS:DRY,MACARONI & CHEESE DNRS,12 OZ,both_vs_additive,6,19,21,-0.011289140451039766,0.06409054834054835,0.07537968879158811,0.06888543039086517,83.33333333333334,0.011170532373240229,0.008195862130072656,83.33333333333334,0.008580201418816049,0.14459939711578312,1,multi_store_repeated,1,1,sales_and_penetration_positive,1,
1135768,1276,GROCERY,National,ISOTONIC DRINKS,ISOTONIC DRINKS SINGLE SERVE,32 OZ,both_vs_additive,6,19,45,0.023695384756855342,0.031038878911614425,0.007343494154759075,0.004551931902638425,66.66666666666666,0.006139144536512396,0.005986233573190095,66.66666666666666,0.003693627895099586,0.01975458238982931,0,multi_store_repeated,1,1,sales_and_penetration_positive,1,30.991242514576722
1042438,1075,GROCERY,National,COOKIES/CONES,SANDWICH COOKIES,18 OZ,both_vs_additive,5,29,35,0.0013144870960602433,0.04660694929415275,0.0452924621980925,0.04707257094757097,80.0,0.014013884822348378,0.0018753387051220743,60.0,0.010873560862208012,0.09150615837197992,0,multi_store_repeated,1,1,sales_and_penetration_positive,1,3445.6376432938937
895743,843,GROCERY,National,BEANS - CANNED GLASS & MW,PREPARED BEANS - BAKED W/PORK,28 OZ,both_vs_additive,5,19,22,0.024330856340345697,0.026071491228070176,0.0017406348877244764,0.0050749559082892415,60.0,0.004516934473524787,0.004144620811287476,80.0,0.002841934346185837,0.1197263025607018,0,multi_store_repeated,1,1,sales_and_penetration_positive,1,7.154022297349805
889774,407,GROCERY,National,VEGETABLES - SHELF STABLE,CORN,15.25 OZ,both_vs_additive,5,22,21,-0.008186641588723367,0.02810308504322952,0.03628972663195289,0.06201904094971322,60.0,0.024970061207967714,0.03636571295184741,60.0,0.015441406348432968,0.03558586543649854,0,multi_store_repeated,1,1,sales_and_penetration_positive,1,
1044805,1251,GROCERY,National,SOUP,RTS SOUP: CHUNKY/HOMESTYLE ET,19 OZ,both_vs_additive,5,22,17,0.04956801169337401,0.0501449440642989,0.0005769323709248847,0.011115079365079363,60.0,0.004344582696382603,0.0005882687603117609,60.0,0.0017919132807009941,-0.014735792645803159,0,multi_store_repeated,1,1,sales_and_penetration_positive,1,1.163920744882363
852864,407,GROCERY,National,VEGETABLES - SHELF STABLE,BEANS GREEN: FS/WHL/CUT,14.5 OZ,both_vs_additive,3,11,16,0.001775124307906692,0.04911220479514197,0.047337080487235283,0.008368561440148924,100.0,0.021726074661688688,0.007278771785565052,100.0,0.01397162884863933,0.06525465281158777,0,multi_store_repeated,1,1,sales_and_penetration_positive,1,2666.6910185606853
913785,131,GROCERY,National,CONDIMENTS/SAUCES,CATSUP,24 OZ,both_vs_additive,3,9,12,-0.008032238420446832,0.13856683999906505,0.1465990784195119,0.1439351481851482,100.0,0.08729770904700991,0.08693806193806193,100.0,0.038139815342917376,0.37953958829975004,0,multi_store_repeated,1,1,sales_and_penetration_positive,1,
1069621,69,GROCERY,Private,SHORTENING/OIL,CANOLA OILS,48 OZ,both_vs_additive,3,12,10,-0.007995202050956525,0.04458657750380854,0.05258177955476506,0.03992731829573935,100.0,0.02950686413471613,0.02230576441102757,100.0,0.016942026809499383,0.3159281514876983,0,multi_store_repeated,1,1,sales_and_penetration_positive,1,
1070820,69,GROCERY,Private,FLUID MILK PRODUCTS,FLUID MILK WHITE ONLY,1 GA,both_vs_additive,3,12,30,-0.01341330370702476,0.1337011351416131,0.14711443884863787,0.16836150148988288,100.0,0.0586315833280757,0.04128756979795421,100.0,0.04182016028328145,0.12918996888858594,0,multi_store_repeated,1,1,sales_and_penetration_positive,1,
931671,764,GROCERY,National,WAREHOUSE SNACKS,CANISTER POTATO/TORT CHIPS,5.75 OZ,both_vs_additive,3,11,13,0.01638224712102085,0.02141690009337068,0.005034652972349836,0.020913286713286714,66.66666666666666,0.01603720838072702,0.01735431235431235,100.0,0.008802037704121397,0.14163935126961769,0,multi_store_repeated,1,1,sales_and_penetration_positive,1,30.732371054820828
849843,69,GROCERY,Private,BAKED BREAD/BUNS/ROLLS,MAINSTREAM WHEAT/MULTIGRAIN BR,20 OZ,both_vs_additive,3,16,49,0.0052994188044271084,0.023223759968338007,0.0179243411639109,0.03030944197826453,66.66666666666666,0.016701372497068483,0.02224906074547422,66.66666666666666,0.010020347500929656,0.023406858549529144,0,multi_store_repeated,1,1,sales_and_penetration_positive,1,338.2322066890994
1114597,1232,GROCERY,National,REFRGRATD JUICES/DRNKS,DAIRY CASE JUICE DRNK UNDER 10,64 OZ,both_vs_additive,3,12,15,0.01412167343711468,0.04090513116171123,0.02678345772459655,0.0491294345369339,66.66666666666666,0.03143148012074009,0.03471983002641545,66.66666666666666,0.014022099819012923,0.08450760649486427,0,multi_store_repeated,1,1,sales_and_penetration_positive,1,189.66206692051156
911470,69,GROCERY,Private,SOUP,RTS SOUP: CHUNKY/HOMESTYLE ET,18.6 OZ,both_vs_additive,7,41,39,0.06215931890792189,0.05931617803163046,-0.0028431408762914453,0.00802739449355988,71.42857142857143,-0.0016186790653277268,0.008894488969676938,57.14285714285714,0.00010985223722641466,0.025356429179244282,0,multi_store_repeated,1,0,sales_positive_only,1,-4.573957575859289
976955,69,GROCERY,Private,VEGETABLES - SHELF STABLE,CORN,14.75 OZ,both_vs_additive,5,30,20,0.012882428468738627,0.01004021164021164,-0.002842216828526989,0.0007357397504456336,60.0,-0.00038560226661831025,-5.9417706476529164e-05,40.0,-0.0008822419140913914,-0.00871586150923635,0,multi_store_repeated,1,0,sales_positive_only,1,-22.06274100744362
826249,69,GROCERY,Private,BAKED BREAD/BUNS/ROLLS,HAMBURGER BUNS,12 OZ,both_vs_additive,4,18,87,0.030859640118382176,0.052052640663585656,0.021193000545203483,0.011671364168835293,75.0,0.024802877156257633,0.017323537206823055,50.0,0.012359480929064002,0.028573889313490752,0,multi_store_repeated,1,0,sales_positive_only,1,68.6754623965282
1100972,586,GROCERY,National,CRACKERS/MISC BKD FD,BUTTER SPRAY CRACKER (RITZ/CLU,16 OZ,both_vs_additive,4,24,31,0.036943508414566825,0.025886168738457067,-0.011057339676109763,0.007468705092873996,75.0,-0.005705942878387444,0.0003739767027040597,50.0,-0.0023386734886210623,0.013775882923751948,0,multi_store_repeated,1,0,sales_positive_only,1,-29.930399549572417
1029968,1276,GROCERY,National,ISOTONIC DRINKS,ISOTONIC DRINKS SINGLE SERVE,32 OZ,both_vs_additive,3,11,21,-0.0038954501638712286,0.009417132392409459,0.013312582556280686,0.03643355695071942,66.66666666666666,0.0031588364514509803,-0.012568704944865932,33.33333333333333,0.0042681507932031204,0.00903519665655833,0,multi_store_repeated,1,0,sales_positive_only,1,
822407,1377,GROCERY,National,MEAT - SHELF STABLE,PASTA: CANNED,15 OZ,both_vs_none,31,224,210,0.03477224250101299,0.0468947245533056,0.012122482052292613,0.005715811965811966,58.06451612903226,0.008698204787987005,0.005411255411255412,64.51612903225806,0.003915023717098441,0.00978668282934524,3,multi_store_repeated,0,1,penetration_positive_only,1,34.86252591255643
1058779,69,GROCERY,Private,SALD DRSNG/SNDWCH SPRD,POURABLE SALAD DRESSINGS,16 OZ,both_vs_none,17,64,95,0.041967287646353386,0.022628697225610773,-0.01933859042074261,0.00528256704980843,58.82352941176471,0.0004942275046358636,0.006944444444444444,64.70588235294117,0.0011786187451328525,0.00784998917079625,6,multi_store_repeated,0,1,penetration_positive_only,1,-46.08015315095775
850841,1276,GROCERY,National,ISOTONIC DRINKS,ISOTONIC DRINKS SINGLE SERVE,32 OZ,both_vs_none,10,41,63,0.03708377922799388,0.028808946310864468,-0.008274832917129413,-0.006435719115232301,50.0,-0.003002945934527201,0.0017080745341614915,60.0,-0.0025889692470581864,0.026592335602632976,2,multi_store_repeated,0,1,penetration_positive_only,1,-22.313887876030947
867668,69,GROCERY,Private,CRACKERS/MISC BKD FD,SOUP CRACKERS (SALTINE/OYSTER),14 OZ,both_vs_none,8,61,42,0.018774084780941884,0.022173422543840228,0.003399337762898346,0.00451388888888889,50.0,0.005746492733167541,0.006605077928607341,62.5,0.003908466550026454,0.050597337476181496,1,multi_store_repeated,0,1,penetration_positive_only,1,18.106543155430455
911470,69,GROCERY,Private,SOUP,RTS SOUP: CHUNKY/HOMESTYLE ET,18.6 OZ,both_vs_none,8,57,46,0.029290824131427633,0.05602253489855577,0.026731710767128138,0.008035714285714287,50.0,0.009506979974597792,0.009334554334554334,62.5,0.0037107662782393117,0.03290549845340696,1,multi_store_repeated,0,1,penetration_positive_only,1,91.2630885603738
863449,69,GROCERY,Private,SOUP,RTS SOUP: CHUNKY/HOMESTYLE ET,18.6 OZ,both_vs_none,4,24,21,0.027976635632885632,0.027766728243021344,-0.00020990738986428848,0.00248197093455714,50.0,0.007293378875275428,0.007257799671592776,100.0,0.00365362490073473,-0.022986929821114124,1,multi_store_repeated,0,1,penetration_positive_only,1,-0.7502953272106483
1038217,69,GROCERY,Private,CRACKERS/MISC BKD FD,SOUP CRACKERS (SALTINE/OYSTER),16 OZ,both_vs_none,46,328,348,0.027272145684897088,0.03226365764199315,0.004991511957096064,0.005220181864918707,65.21739130434783,0.0034407490952635244,0.0029894179894179897,63.04347826086957,0.0017434745410489704,0.013630859980339112,6,multi_store_repeated,1,1,sales_and_penetration_positive,1,18.302600810248258
896369,69,GROCERY,Private,PNT BTR/JELLY/JAMS,PEANUT BUTTER,18 OZ,both_vs_none,31,163,200,0.01708804665985648,0.03171593052847365,0.014627883868617176,0.011080059725221018,64.51612903225806,0.004830344215080814,0.005434782608695652,61.29032258064516,0.003094457362824663,0.09931180774194975,8,multi_store_repeated,1,1,sales_and_penetration_positive,1,85.6030192320415
1003188,69,GROCERY,Private,CANNED JUICES,APPLE JUICE & CIDER (OVER 50%,64 OZ,both_vs_none,25,136,143,0.043222339881064345,0.06558429496858406,0.022361955087519717,0.010873397435897436,64.0,0.01045067884959109,0.006944444444444444,64.0,0.007218424388054628,0.10126116536868342,6,multi_store_repeated,1,1,sales_and_penetration_positive,1,51.737030315928045
1045220,1377,GROCERY,National,MEAT - SHELF STABLE,PASTA: CANNED,15 OZ,both_vs_none,24,181,164,0.02264377043971708,0.042217315249189806,0.01957354480947272,0.011852617604002646,70.83333333333334,0.0076063612278200925,0.004119740037330063,79.16666666666666,0.0033476614231148466,0.031820736302176,5,multi_store_repeated,1,1,sales_and_penetration_positive,1,86.44119079718638
913785,131,GROCERY,National,CONDIMENTS/SAUCES,CATSUP,24 OZ,both_vs_none,20,79,84,0.03493412613944258,0.08554068135289777,0.050606555213455175,0.041376546159154856,80.0,0.025172690259136182,0.02234070277548538,70.0,0.013212146947432404,0.16345586193742315,2,multi_store_repeated,1,1,sales_and_penetration_positive,1,144.86280553134426
936594,843,GROCERY,National,BEANS - CANNED GLASS & MW,PREPARED BEANS - BAKED W/PORK,28 OZ,both_vs_none,12,64,60,0.011988278581466892,0.03160592263793744,0.01961764405647055,0.01577083333333333,83.33333333333334,0.011186178112368729,0.00926343531403371,91.66666666666666,0.00767433730885598,0.04394140114526163,6,multi_store_repeated,1,1,sales_and_penetration_positive,1,163.64020841823083
864774,942,GROCERY,National,CONDIMENTS/SAUCES,SALAD MUSTARD,14 OZ,both_vs_none,12,71,69,0.012754982255462179,0.014679252844289337,0.0019242705888271579,0.0052834249084249075,75.0,0.002214016323973783,0.00655431869717584,75.0,0.0013905641579415214,0.01418481956197757,2,multi_store_repeated,1,1,sales_and_penetration_positive,1,15.086423095595535
859075,69,GROCERY,Private,CHEESE,SHREDDED CHEESE,8 OZ,both_vs_none,10,69,226,0.037560146153239035,0.06996213297013482,0.03240198681689578,0.02600718622897478,80.0,0.016500346429297427,0.009469598227809288,80.0,0.009454931459774924,0.043264400384803635,3,multi_store_repeated,1,1,sales_and_penetration_positive,1,86.26693486415404
1122568,1046,GROCERY,National,COLD CEREAL,KIDS CEREAL,13 OZ,both_vs_none,10,48,78,0.019400544231762032,0.033479838171974995,0.014079293940212961,0.018118055555555554,80.0,0.004674612655790255,0.006331599825087456,60.0,0.0027248638524327035,0.02737239894672088,3,multi_store_repeated,1,1,sales_and_penetration_positive,1,72.57164423852984
852864,407,GROCERY,National,VEGETABLES - SHELF STABLE,BEANS GREEN: FS/WHL/CUT,14.5 OZ,both_vs_none,8,28,35,0.01744493526318716,0.02621844364121175,0.00877350837802459,0.002229710701484895,62.5,0.005577334543017695,0.003693036354326677,62.5,0.002639076989810407,1.8849929037671482e-05,2,multi_store_repeated,1,1,sales_and_penetration_positive,1,50.29258203404583
1135768,1276,GROCERY,National,ISOTONIC DRINKS,ISOTONIC DRINKS SINGLE SERVE,32 OZ,both_vs_none,7,24,52,0.027389160792522144,0.028525521660135295,0.0011363608676131503,0.003703703703703704,71.42857142857143,0.0007220877185710947,0.008403361344537815,71.42857142857143,1.80518143136129e-05,-0.0103764182865524,3,multi_store_repeated,1,1,sales_and_penetration_positive,1,4.148943723472542
987562,69,GROCERY,Private,CHEESE,SHREDDED CHEESE,8 OZ,both_vs_none,5,22,109,0.026577517511728037,0.0655353839012162,0.03895786638948816,0.046018653838346926,80.0,0.016416150546634065,0.017053027445988855,80.0,0.009482976152447604,0.042636292164259626,1,multi_store_repeated,1,1,sales_and_penetration_positive,1,146.58203638581733
931671,764,GROCERY,National,WAREHOUSE SNACKS,CANISTER POTATO/TORT CHIPS,5.75 OZ,both_vs_none,5,30,23,0.016353993783993787,0.02288963679117132,0.006535643007177533,0.003968614718614715,80.0,0.007204687753281104,0.006385281385281383,60.0,0.0038500877306958136,-0.010078937110667674,1,multi_store_repeated,1,1,sales_and_penetration_positive,1,39.963589894317984
1044805,1251,GROCERY,National,SOUP,RTS SOUP: CHUNKY/HOMESTYLE ET,19 OZ,both_vs_none,5,35,17,0.03185124098124098,0.0501449440642989,0.01829370308305792,0.020985449735449736,60.0,0.010690204657946595,0.012566137566137565,60.0,0.006045662842241194,-0.016456251096311117,0,multi_store_repeated,1,1,sales_and_penetration_positive,1,57.434820495164175
1069621,69,GROCERY,Private,SHORTENING/OIL,CANOLA OILS,48 OZ,both_vs_none,4,30,15,0.011801525761819878,0.047209163897087174,0.035407638135267296,0.03426022247016829,100.0,0.019780803427523627,0.01913978908947949,100.0,0.011111668437365467,0.2303748108471168,1,multi_store_repeated,1,1,sales_and_penetration_positive,1,300.0259360515702
1100972,586,GROCERY,National,CRACKERS/MISC BKD FD,BUTTER SPRAY CRACKER (RITZ/CLU,16 OZ,both_vs_none,4,24,31,0.013912732621784345,0.025886168738457067,0.01197343611667272,0.013535266295423714,75.0,0.0034066330893739545,0.004887377739701576,75.0,0.0007053193847277087,0.015157584860907528,1,multi_store_repeated,1,1,sales_and_penetration_positive,1,86.06099493297886
882830,764,GROCERY,National,WAREHOUSE SNACKS,CANISTER POTATO/TORT CHIPS,5.75 OZ,both_vs_none,3,26,20,0.0019590643274853803,0.01615198482138851,0.01419292049390313,0.01844832669910069,100.0,0.011674451117848613,0.010892918570937146,100.0,0.006885201129314217,0.08632706266880195,2,multi_store_repeated,1,1,sales_and_penetration_positive,1,724.4744490917716
1068719,69,GROCERY,Private,SUGARS/SWEETNERS,SUGAR,(600) 4LB,both_vs_none,3,14,16,0.03433071823876421,0.11893035780644477,0.08459963956768056,0.04166208791208791,100.0,0.02624375550632661,0.01872710622710623,100.0,0.014155058773626978,0.16909832383081783,1,multi_store_repeated,1,1,sales_and_penetration_positive,1,246.4254868753537
1094955,499,GROCERY,National,MEAT - SHELF STABLE,SANDWICH SAUCE,15.5 OZ,both_vs_none,3,10,19,0.0,0.04445138888888889,0.04445138888888889,0.03802083333333333,100.0,0.02091269841269841,0.022321428571428572,100.0,0.011833685572342559,0.09849960101557252,3,multi_store_repeated,1,1,sales_and_penetration_positive,1,
10204822,857,DRUG GM,National,CANDY - PACKAGED,CANDY BARS (MULTI PACK),4.62 OZ,both_vs_none,3,10,12,0.016264619883040937,0.05089842441416654,0.034633804531125606,0.026072427445425157,100.0,0.03166347624829733,0.029040404040404044,100.0,0.02253060303342505,0.07646238724198216,1,multi_store_repeated,1,1,sales_and_penetration_positive,1,212.93952628575198
1114597,1232,GROCERY,National,REFRGRATD JUICES/DRNKS,DAIRY CASE JUICE DRNK UNDER 10,64 OZ,both_vs_none,3,13,15,0.022033470122191926,0.04090513116171123,0.018871661039519302,0.021788048552754433,100.0,0.012197901841928788,0.017740429505135387,66.66666666666666,0.008303240989514514,0.052101918457218094,1,multi_store_repeated,1,1,sales_and_penetration_positive,1,85.64997222344894
834117,69,GROCERY,Private,WATER - CARBONATED/FLVRD DRINK,NON-CRBNTD DRNKING/MNERAL WATE,405.6 OZ,both_vs_none,3,36,12,0.04025468050468051,0.20916346153846155,0.16890878103378104,0.009946581196581199,66.66666666666666,0.04013956722290057,0.004896723646723647,66.66666666666666,0.014104209514610519,0.1766267437737071,0,multi_store_repeated,1,1,sales_and_penetration_positive,1,419.6003518501199
908181,69,GROCERY,Private,SOUP,RTS SOUP: CHUNKY/HOMESTYLE ET,18.8 OZ,both_vs_none,3,19,19,0.01815288220551378,0.026856902356902357,0.008704020151388575,0.020531024531024532,66.66666666666666,0.009014012303485988,0.012265512265512268,66.66666666666666,0.004410629104670538,0.013494093317781767,1,multi_store_repeated,1,1,sales_and_penetration_positive,1,47.948419721165834
918368,69,GROCERY,Private,CHEESE,SHREDDED CHEESE,8 OZ,both_vs_none,3,19,20,0.005614035087719298,0.010961088437764591,0.005347053350045293,0.013820084485407065,66.66666666666666,0.0046509415772429405,0.011770353302611367,66.66666666666666,0.0020971533953415395,0.005386336790459419,2,multi_store_repeated,1,1,sales_and_penetration_positive,1,95.24438779768178
990797,410,GROCERY,National,CRACKERS/MISC BKD FD,CHEESE CRACKERS (CHEEZ-ITS/GOL,16 OZ,both_vs_none,3,31,29,0.027174074074074076,0.054553667703092994,0.027379593629018914,0.02642962337789924,66.66666666666666,0.013804899336508532,0.01472768132250891,66.66666666666666,0.009125884926706984,0.09470568601226215,1,multi_store_repeated,1,1,sales_and_penetration_positive,1,100.75630748037491
1077490,1251,GROCERY,National,SOUP,CONDENSED SOUP,10.5 OZ,both_vs_none,5,27,15,0.022649410086481025,0.025190548780487803,0.002541138694006781,0.011782018794213913,60.0,-0.0010126676256608722,-0.005434132263400556,40.0,-0.00015618786245409042,0.012256784101516436,2,multi_store_repeated,1,0,sales_positive_only,1,11.21944758960205
987724,69,GROCERY,Private,CHEESE,SHREDDED CHEESE,8 OZ,both_vs_none,4,20,44,0.020121527777777776,0.03171458916269883,0.01159306138492105,0.013326077512069559,75.0,0.008278385803075812,0.0028637770897832816,50.0,0.005072237573456233,0.010017624584986742,2,multi_store_repeated,1,0,sales_positive_only,1,57.61521447553517
892008,1377,GROCERY,National,MEAT - SHELF STABLE,PASTA: CANNED,14.5 OZ,display_only_vs_none,32,246,299,0.02698317407638509,0.03426797707312291,0.007284802996737825,0.0021322491742888166,53.125,0.0027231022028053136,0.00317895808084557,62.5,0.0014796792588768794,0.01916656766252259,4,multi_store_repeated,0,1,penetration_positive_only,1,26.997576252948207
822407,1377,GROCERY,National,MEAT - SHELF STABLE,PASTA: CANNED,15 OZ,display_only_vs_none,31,222,273,0.03564792595734161,0.0438738355243963,0.0082259095670547,0.0024725274725274707,54.83870967741935,0.004186753240144166,0.004078950781092161,61.29032258064516,0.001984572181720097,0.0039037468805221773,3,multi_store_repeated,0,1,penetration_positive_only,1,23.07542261195865
1003188,69,GROCERY,Private,CANNED JUICES,APPLE JUICE & CIDER (OVER 50%,64 OZ,display_only_vs_none,27,142,499,0.04347538592976044,0.044810816072576184,0.001335430142815754,0.009214285714285715,55.55555555555556,0.001186446910388529,0.0071428571428571435,62.96296296296296,0.0004916147534755594,0.02293310790387554,6,multi_store_repeated,0,1,penetration_positive_only,1,3.0716924398860757
1045220,1377,GROCERY,National,MEAT - SHELF STABLE,PASTA: CANNED,15 OZ,display_only_vs_none,24,181,237,0.02264377043971708,0.031119639943924835,0.008475869504207752,-0.0030612986047768654,45.83333333333333,0.002367858445459671,0.003944804181019372,62.5,0.0005874576474441219,-0.012777437634459515,5,multi_store_repeated,0,1,penetration_positive_only,1,37.43135237469603
1077490,1251,GROCERY,National,SOUP,CONDENSED SOUP,10.5 OZ,display_only_vs_none,4,20,17,0.025159706331045,0.037933466083137135,0.012773759752092132,0.014092746207305704,50.0,0.009371920367820445,0.006491818772520527,75.0,0.006340104232030344,0.01780981745271852,2,multi_store_repeated,0,1,penetration_positive_only,1,50.77070290097292
1043590,69,GROCERY,Private,SHORTENING/OIL,VEGETABLE/SALAD OIL,48 OZ,display_only_vs_none,28,230,212,0.03337503364878291,0.03678043240738405,0.003405398758601145,0.010406965481817259,64.28571428571429,0.003491974393289326,0.005877431198577444,60.71428571428571,0.0009212714786897127,0.020609542556892887,7,multi_store_repeated,1,1,sales_and_penetration_positive,1,10.203431686203945
936594,843,GROCERY,National,BEANS - CANNED GLASS & MW,PREPARED BEANS - BAKED W/PORK,28 OZ,display_only_vs_none,15,83,95,0.01094978953184018,0.02287115832256991,0.01192136879072973,0.011143499600450406,80.0,0.005503106053491981,0.00556864424930392,73.33333333333333,0.0028182659698066195,0.11341236937179323,7,multi_store_repeated,1,1,sales_and_penetration_positive,1,108.87304049145747
859075,69,GROCERY,Private,CHEESE,SHREDDED CHEESE,8 OZ,display_only_vs_none,9,66,175,0.041733495725821156,0.07065139372973334,0.028917898003912177,0.023663491405246012,66.66666666666666,0.007390189652246946,0.006562415625883111,77.77777777777779,0.005794513915320251,0.03235976020902131,2,multi_store_repeated,1,1,sales_and_penetration_positive,1,69.29181824090578
873654,69,GROCERY,Private,SUGARS/SWEETNERS,SUGAR,32 OZ,display_only_vs_none,7,37,39,0.017092251900760306,0.03023338658112818,0.013141134680367875,0.011924369747899158,71.42857142857143,0.005885457459337011,0.009243697478991595,71.42857142857143,0.0030372234251173466,-0.008872662022198746,2,multi_store_repeated,1,1,sales_and_penetration_positive,1,76.8835771709129
1044895,69,GROCERY,Private,FLOUR & MEALS,FLOUR: WHITE & SELF RISING,5 LB,display_only_vs_none,7,26,45,0.011246264659389864,0.021637114897984467,0.010390850238594599,0.0044444444444444444,71.42857142857143,0.009362424681973555,0.003968253968253968,71.42857142857143,0.0060017326231918185,0.183209578435479,4,multi_store_repeated,1,1,sales_and_penetration_positive,1,92.39379076784353
834117,69,GROCERY,Private,WATER - CARBONATED/FLVRD DRINK,NON-CRBNTD DRNKING/MNERAL WATE,405.6 OZ,display_only_vs_none,5,53,103,0.04740455655455656,0.053752851258874766,0.006348294704318221,0.018516409164775406,80.0,0.0008186535124721457,0.007250766294843045,80.0,0.00020375152083345477,0.05093853278609219,1,multi_store_repeated,1,1,sales_and_penetration_positive,1,13.391739456548102
823721,317,GROCERY,National,CHEESE,GRATED CHEESE,8 OZ,display_only_vs_none,5,27,94,0.006805941358024692,0.01977158220305666,0.01296564084503197,0.02117794486215539,60.0,0.0043363347307799225,0.007082924703062003,60.0,0.003097384912775427,0.005898908025576249,3,multi_store_repeated,1,1,sales_and_penetration_positive,1,190.50473935900948
882830,764,GROCERY,National,WAREHOUSE SNACKS,CANISTER POTATO/TORT CHIPS,5.75 OZ,display_only_vs_none,4,29,62,0.0014692982456140351,0.013511553787869578,0.012042255542255543,0.008462428774928775,100.0,0.011117354760446865,0.007661146723646724,100.0,0.005729321834478881,0.1084630647130647,3,multi_store_repeated,1,1,sales_and_penetration_positive,1,819.5923175027654
1054424,69,GROCERY,Private,HOT CEREAL,INSTANT OATMEAL,15 OZ,display_only_vs_none,4,33,23,0.004504310344827586,0.019967084198226438,0.01546277385339885,0.01546875,100.0,0.005886659792909793,0.005306869369369369,100.0,0.003092981751865731,0.39808694822092155,2,multi_store_repeated,1,1,sales_and_penetration_positive,1,343.28837645823296
1094955,499,GROCERY,National,MEAT - SHELF STABLE,SANDWICH SAUCE,15.5 OZ,display_only_vs_none,4,13,74,0.0038949275362318843,0.015478784775323511,0.011583857239091626,0.008719640812718287,100.0,0.003756734776029423,0.005460858585858586,75.0,0.0016564923561612692,0.08362173082739965,3,multi_store_repeated,1,1,sales_and_penetration_positive,1,297.4087998129571
962229,1636,GROCERY,National,BAKED BREAD/BUNS/ROLLS,MAINSTREAM WHITE BREAD,24 OZ,display_only_vs_none,4,21,96,0.05654211937811562,0.060610274499745945,0.00406815512163033,0.017326660471881063,75.0,-0.0017258885327534061,0.004485599057725228,75.0,-0.0016261220071812155,0.02531461763259748,1,multi_store_repeated,1,1,sales_and_penetration_positive,1,7.194910920167752
977499,69,GROCERY,Private,DINNER MXS:DRY,MACARONI & CHEESE DNRS,14 OZ,display_only_vs_none,4,17,33,0.0,0.03825660624098124,0.03825660624098124,0.04179099025974026,75.0,0.012133612914862915,0.010739087301587302,75.0,0.007083381096538991,0.09351963406439176,4,multi_store_repeated,1,1,sales_and_penetration_positive,1,
987562,69,GROCERY,Private,CHEESE,SHREDDED CHEESE,8 OZ,display_only_vs_none,4,19,72,0.03322189688966005,0.054085015885088406,0.02086311899542836,0.026171438105598695,75.0,0.004138281504797581,0.007455165327337752,75.0,0.0021907228938125092,0.027612634555876203,0,multi_store_repeated,1,1,sales_and_penetration_positive,1,62.799300909039225
1100972,586,GROCERY,National,CRACKERS/MISC BKD FD,BUTTER SPRAY CRACKER (RITZ/CLU,16 OZ,display_only_vs_none,4,24,65,0.013912732621784345,0.025996880875119387,0.012084148253335042,0.013021726976733409,75.0,0.005562905912265187,0.006709431026303735,75.0,0.0019589776635945957,-0.001036399000303695,1,multi_store_repeated,1,1,sales_and_penetration_positive,1,86.85675619478137
824915,69,GROCERY,Private,FRUIT - SHELF STABLE,FRUIT BOWL AND CUPS,4 OZ,display_only_vs_none,3,21,29,0.005674603174603175,0.009874153365049723,0.004199550190446548,0.004298386021075097,100.0,0.0019768555570376296,0.0033346672002134183,66.66666666666666,0.0010419483811296678,-0.024513107647430157,1,multi_store_repeated,1,1,sales_and_penetration_positive,1,74.00605930017691
903233,1251,GROCERY,National,SOUP,RTS SOUP: CHUNKY/HOMESTYLE ET,19 OZ,display_only_vs_none,3,12,11,0.05809606481481481,0.058559848484848485,0.0004637836700336721,0.022266666666666667,66.66666666666666,0.015944865319865317,0.013333333333333334,100.0,0.006767441178196327,-0.042309211067452314,1,multi_store_repeated,1,1,sales_and_penetration_positive,1,0.7983047931250153
885023,531,GROCERY,National,BAKING NEEDS,BITS & MORSELS,12 OZ,display_only_vs_none,3,13,23,0.0030303030303030303,0.02491582491582492,0.021885521885521887,0.0020202020202020193,66.66666666666666,0.008164983164983165,0.0010101010101010097,66.66666666666666,0.0059165720385483634,0.07912995001311061,2,multi_store_repeated,1,1,sales_and_penetration_positive,1,722.2222222222223
937928,781,GROCERY,National,MEAT - SHELF STABLE,CHILI: CANNED,15 OZ,display_only_vs_none,3,15,47,0.01020763187429854,0.01811060888360184,0.0079029770093033,0.024876847290640394,66.66666666666666,0.0005009349164064892,0.00812807881773399,66.66666666666666,0.0019305318745855835,-0.00011928142317157071,2,multi_store_repeated,1,1,sales_and_penetration_positive,1,77.4222376612341
998373,1225,GROCERY,National,CANNED MILK,CANNED MILK,12 OZ,display_only_vs_none,3,17,31,0.009893407761828813,0.03168743459885427,0.021794026837025457,0.010869565217391304,66.66666666666666,0.007758868577242884,0.005434782608695652,66.66666666666666,0.004736214056899743,-0.030723861681156966,1,multi_store_repeated,1,1,sales_and_penetration_positive,1,220.2883714255885
1039348,69,GROCERY,Private,COOKIES/CONES,VANILLA WAFER/KIDS COOKIES,12 OZ,display_only_vs_none,3,13,57,0.033576969384244926,0.033944535711696124,0.00036756632745120244,0.009821460216197057,66.66666666666666,-0.0049164187000251556,0.0010211283429095962,66.66666666666666,-0.00270757380293922,0.002708311976131294,1,multi_store_repeated,1,1,sales_and_penetration_positive,1,1.0946977472709785
1068719,69,GROCERY,Private,SUGARS/SWEETNERS,SUGAR,(600) 4LB,display_only_vs_none,3,14,37,0.08287925303729902,0.10651053150304955,0.023631278465750544,0.03919230879486297,66.66666666666666,0.015729827460790265,0.014758717562443409,66.66666666666666,0.0037835301631731536,0.03901666752584467,1,multi_store_repeated,1,1,sales_and_penetration_positive,1,28.512899911290823
9677236,69,GROCERY,Private,PAPER TOWELS,PAPER TOWELS & HOLDERS, ,display_only_vs_none,3,15,26,0.007370480599647267,0.02771014376569932,0.020339663166052055,0.0308641975308642,66.66666666666666,0.008244415049970604,0.012345679012345678,66.66666666666666,0.0034504476480070544,0.10087118564010722,2,multi_store_repeated,1,1,sales_and_penetration_positive,1,275.96115193662484
850841,1276,GROCERY,National,ISOTONIC DRINKS,ISOTONIC DRINKS SINGLE SERVE,32 OZ,display_only_vs_none,9,36,91,0.03564864358665987,0.04944210481895381,0.013793461232293934,0.004433727192347883,66.66666666666666,-0.0031161401347110855,0.0,44.44444444444444,-0.0020967046643242527,0.043556459273452364,2,multi_store_repeated,1,0,sales_positive_only,1,38.69280804124511
830887,2557,GROCERY,National,CANNED JUICES,ASEPTIC PACK JUICE AND DRINKS,10/6.75 OZ,display_only_vs_none,5,19,23,0.026817880485527544,0.015916035353535356,-0.010901845131992192,0.0030934343434343425,60.0,-0.004016700619641796,0.0,40.0,-0.0017080997909134372,-0.010338254303593484,2,multi_store_repeated,1,0,sales_positive_only,1,-40.65140471438615
833025,69,GROCERY,Private,MILK BY-PRODUCTS,SOUR CREAMS,16 OZ,display_only_vs_none,4,60,82,0.013897216848008702,0.02715575899418779,0.013258542146179084,0.00871763270699029,75.0,0.008362607918435941,0.005372595276813542,50.0,0.0052078811884287745,0.06919458056384417,0,multi_store_repeated,1,0,sales_positive_only,1,95.40429778987634
908181,69,GROCERY,Private,SOUP,RTS SOUP: CHUNKY/HOMESTYLE ET,18.8 OZ,display_only_vs_none,3,19,29,0.01815288220551378,0.022522675736961453,0.004369793531447668,0.0037046186895811004,66.66666666666666,0.00042471799990596973,-0.0015216612960973867,33.33333333333333,0.000333346225942517,0.010825257655422528,1,multi_store_repeated,1,0,sales_positive_only,1,24.072174776302923
990797,410,GROCERY,National,CRACKERS/MISC BKD FD,CHEESE CRACKERS (CHEEZ-ITS/GOL,16 OZ,display_only_vs_none,3,31,52,0.027174074074074076,0.016641594235561958,-0.01053247983851212,0.002696734965850406,66.66666666666666,-0.002084356786748238,-0.0021340024432228337,33.33333333333333,-0.0023131033958699067,-0.011766463547374414,1,multi_store_repeated,1,0,sales_positive_only,1,-38.759296121006834
911812,1251,GROCERY,National,SOUP,CONDENSED SOUP,10.5OZ,mailer_only_vs_none,26,136,140,0.025728321068862938,0.030197854497841434,0.004469533428978493,0.009142628205128204,57.692307692307686,0.0036485800550631266,0.004444650893926257,61.53846153846154,0.0013731142167174926,0.01714939080670832,6,multi_store_repeated,0,1,penetration_positive_only,1,17.37203689667741
927191,69,GROCERY,Private,SEAFOOD - SHELF STABLE,TUNA,6 OZ,mailer_only_vs_none,24,126,86,0.0390382414838085,0.052848764663896326,0.01381052318008783,0.001959401709401708,54.166666666666664,0.003841505761049004,0.0014845796618242436,62.5,0.0016711088633806763,0.03503081948540025,1,multi_store_repeated,0,1,penetration_positive_only,1,35.37690903883537
850841,1276,GROCERY,National,ISOTONIC DRINKS,ISOTONIC DRINKS SINGLE SERVE,32 OZ,mailer_only_vs_none,10,41,44,0.03708377922799388,0.02919192870621442,-0.007891850521779459,0.0036110556110556117,50.0,0.001119043620728704,0.009777722277722278,60.0,7.84376788891112e-05,0.06259601812978507,2,multi_store_repeated,0,1,penetration_positive_only,1,-21.28113877838547
889774,407,GROCERY,National,VEGETABLES - SHELF STABLE,CORN,15.25 OZ,mailer_only_vs_none,10,49,70,0.038910552000213657,0.028408100271554437,-0.010502451728659216,-0.010435620300751878,50.0,-0.0033971567501675107,0.005276246588485205,60.0,-0.000463421905095973,-0.009697156187053768,2,multi_store_repeated,0,1,penetration_positive_only,1,-26.991268920064538
832678,586,GROCERY,National,CRACKERS/MISC BKD FD,BUTTER SPRAY CRACKER (RITZ/CLU,16 OZ,mailer_only_vs_none,5,45,52,0.03319371145544757,0.029921972049433875,-0.0032717394060136898,-0.004540541896560141,40.0,-0.0003466479791721752,0.00021532814838080144,60.0,-0.0010326813769587879,-0.09714772973875177,2,multi_store_repeated,0,1,penetration_positive_only,1,-9.856503724824528
903233,1251,GROCERY,National,SOUP,RTS SOUP: CHUNKY/HOMESTYLE ET,19 OZ,mailer_only_vs_none,3,12,18,0.05809606481481481,0.03592109518833656,-0.02217496962647825,-0.0405844155844156,33.33333333333333,-0.002881700834287041,0.008477011494252874,66.66666666666666,-0.0006394588499975025,-0.07649424673360673,1,multi_store_repeated,0,1,penetration_positive_only,1,-38.16948651713757
936594,843,GROCERY,National,BEANS - CANNED GLASS & MW,PREPARED BEANS - BAKED W/PORK,28 OZ,mailer_only_vs_none,16,89,82,0.010265427686100169,0.030129202820253442,0.01986377513415327,0.013657163742690055,81.25,0.007856477249514989,0.00918091168091168,68.75,0.0054910468444299395,0.049909833317584716,8,multi_store_repeated,1,1,sales_and_penetration_positive,1,193.5016809971754
859075,69,GROCERY,Private,CHEESE,SHREDDED CHEESE,8 OZ,mailer_only_vs_none,10,69,110,0.037560146153239035,0.07425116269217594,0.03669101653893693,0.02383542775536583,70.0,0.019439894567365397,0.02068841146240527,70.0,0.011749691856889904,0.028797614704935103,3,multi_store_repeated,1,1,sales_and_penetration_positive,1,97.68603239519827
911470,69,GROCERY,Private,SOUP,RTS SOUP: CHUNKY/HOMESTYLE ET,18.6 OZ,mailer_only_vs_none,9,63,60,0.030615986333559813,0.05765197089800843,0.027035984564448626,0.013945578231292517,66.66666666666666,0.008971218913533736,0.006972789115646258,66.66666666666666,0.003740976344025807,0.013746541318949503,1,multi_store_repeated,1,1,sales_and_penetration_positive,1,88.30675670511727
873654,69,GROCERY,Private,SUGARS/SWEETNERS,SUGAR,32 OZ,mailer_only_vs_none,8,43,29,0.01740098774162225,0.025115577640203997,0.00771458989858175,0.011293527444422587,62.5,0.0047095929542504975,0.008754672437536888,62.5,0.0026926392417451605,0.04557561729718992,2,multi_store_repeated,1,1,sales_and_penetration_positive,1,44.33420684579217
1024731,170,GROCERY,National,FRUIT - SHELF STABLE,FRUIT BOWL AND CUPS,6 PK/4 OZ,mailer_only_vs_none,6,23,29,0.005431278280542987,0.037024928794421125,0.031593650513878135,0.026596296296296295,83.33333333333334,0.01278642676574838,0.012592592592592593,83.33333333333334,0.009049763492405253,0.22227411733871907,4,multi_store_repeated,1,1,sales_and_penetration_positive,1,581.6982463789278
885023,531,GROCERY,National,BAKING NEEDS,BITS & MORSELS,12 OZ,mailer_only_vs_none,6,27,31,0.02929292929292929,0.07080381891018749,0.041510889617258184,0.013725451377890403,66.66666666666666,0.010724919778104062,0.0070260989010989035,83.33333333333334,0.0056531403324624864,0.00915523816715868,3,multi_store_repeated,1,1,sales_and_penetration_positive,1,141.7095886933987
987562,69,GROCERY,Private,CHEESE,SHREDDED CHEESE,8 OZ,mailer_only_vs_none,5,22,46,0.026577517511728037,0.07935718215994532,0.05277966464821728,0.03505704365079365,100.0,0.015964797385850018,0.013416005291005291,100.0,0.011094961707713036,0.04310970363660298,1,multi_store_repeated,1,1,sales_and_penetration_positive,1,198.58763943971388
833025,69,GROCERY,Private,MILK BY-PRODUCTS,SOUR CREAMS,16 OZ,mailer_only_vs_none,4,60,69,0.013897216848008702,0.0202389168442142,0.0063416999962055,0.006840422123385262,100.0,0.006306210914004337,0.006391131544218393,100.0,0.003735675214539299,0.041871182734906864,0,multi_store_repeated,1,1,sales_and_penetration_positive,1,45.63287790327735
882830,764,GROCERY,National,WAREHOUSE SNACKS,CANISTER POTATO/TORT CHIPS,5.75 OZ,mailer_only_vs_none,4,29,22,0.0014692982456140351,0.03041016307708854,0.028940864831474504,0.0274234693877551,100.0,0.015048298270143643,0.01457788905729409,100.0,0.009245097065043856,0.22481537390243148,3,multi_store_repeated,1,1,sales_and_penetration_positive,1,1969.706621366026
863449,69,GROCERY,Private,SOUP,RTS SOUP: CHUNKY/HOMESTYLE ET,18.6 OZ,mailer_only_vs_none,4,24,27,0.027976635632885632,0.06159193312952711,0.03361529749664148,0.03849996385193753,75.0,0.02426333021962721,0.022394327164064004,100.0,0.015806073230349726,0.012997383435151479,1,multi_store_repeated,1,1,sales_and_penetration_positive,1,120.15489617031645
908181,69,GROCERY,Private,SOUP,RTS SOUP: CHUNKY/HOMESTYLE ET,18.8 OZ,mailer_only_vs_none,4,24,23,0.017043233082706766,0.0813382864698654,0.06429505338715864,0.06663011063011062,75.0,0.014019216650795599,0.01608187134502924,75.0,0.007220850093361884,0.06798112923698156,1,multi_store_repeated,1,1,sales_and_penetration_positive,1,377.24681153599204
918368,69,GROCERY,Private,CHEESE,SHREDDED CHEESE,8 OZ,mailer_only_vs_none,4,23,102,0.006482160931174089,0.013834789655221669,0.0073526287240475805,0.01008373775111977,75.0,0.00455685790522068,0.005669792387802766,75.0,0.002455409100227432,0.007696817658934537,2,multi_store_repeated,1,1,sales_and_penetration_positive,1,113.42866679978934
961554,69,PRODUCE,Private,CARROTS,CARROTS MINI PEELED,1 LB,mailer_only_vs_none,4,45,29,0.07830690603690629,0.08348243853193957,0.005175532495033285,0.01003608869183632,75.0,0.011522338874853504,0.020952216853171706,75.0,0.006150596238649428,0.3068590977717693,0,multi_store_repeated,1,1,sales_and_penetration_positive,1,6.6092925349317655
1074754,1075,GROCERY,National,COOKIES/CONES,SANDWICH COOKIES,18 OZ,mailer_only_vs_none,4,24,40,0.033758996989600436,0.04754348179355981,0.013784484803959371,0.02574652238445342,75.0,0.007008390994484765,0.009881587681361437,75.0,0.003918290515996704,0.017648609215302206,1,multi_store_repeated,1,1,sales_and_penetration_positive,1,40.832033037609875
839243,942,GROCERY,National,VEGETABLES - SHELF STABLE,MISCELLANEOUS VEGETABLES,6 OZ,mailer_only_vs_none,3,25,11,0.04008836405529954,0.13089367283950618,0.09080530878420663,0.041751045400238954,100.0,0.02691605668931522,0.029756571087216247,100.0,0.014579884702015525,0.11229140235434586,1,multi_store_repeated,1,1,sales_and_penetration_positive,1,226.51288203965137
1038746,69,GROCERY,Private,SHORTENING/OIL,VEGETABLE/SALAD OIL,48 OZ,mailer_only_vs_none,3,13,16,0.004923076923076922,0.03442448396112189,0.029501407038044967,0.03222222222222222,100.0,0.00870295360237889,0.009259259259259259,100.0,0.005502461008875967,0.0974620314428568,2,multi_store_repeated,1,1,sales_and_penetration_positive,1,599.2473304602885
847789,69,GROCERY,Private,BAKED BREAD/BUNS/ROLLS,MAINSTREAM WHEAT/MULTIGRAIN BR,20 OZ,mailer_only_vs_none,3,22,53,0.0019900011038727398,0.01941547220319104,0.0174254710993183,0.021507182734204794,66.66666666666666,0.014879203966137651,0.017638084274113685,66.66666666666666,0.00867064483481504,0.01809452420561758,2,multi_store_repeated,1,1,sales_and_penetration_positive,1,875.6513283036178
974108,764,GROCERY,National,WAREHOUSE SNACKS,CANISTER POTATO/TORT CHIPS,6 OZ,mailer_only_vs_none,3,28,13,0.021856362813599654,0.010963636363636363,-0.010892726449963294,0.007133333333333332,66.66666666666666,-0.008747949419002048,0.003333333333333334,66.66666666666666,-0.007986511492815977,0.05686674210726724,1,multi_store_repeated,1,1,sales_and_penetration_positive,1,-49.837781989899646
990797,410,GROCERY,National,CRACKERS/MISC BKD FD,CHEESE CRACKERS (CHEEZ-ITS/GOL,16 OZ,mailer_only_vs_none,3,31,54,0.027174074074074076,0.03717031878823476,0.009996244714160683,0.028361716603149803,66.66666666666666,0.00805891185806592,0.009923544264849099,66.66666666666666,0.0035324325226569506,0.037715472818089256,1,multi_store_repeated,1,1,sales_and_penetration_positive,1,36.785962557222106
1014238,317,GROCERY,National,DINNER MXS:DRY,MACARONI & CHEESE DNRS,14 OZ,mailer_only_vs_none,3,10,22,0.0077314814814814815,0.020667929975104613,0.01293644849362313,0.009485714285714287,66.66666666666666,0.0017361074327147746,0.005714285714285714,66.66666666666666,0.0004962370233306195,0.03366260814828811,2,multi_store_repeated,1,1,sales_and_penetration_positive,1,167.32172901931713
1019744,69,GROCERY,Private,SEAFOOD - SHELF STABLE,TUNA,6 OZ,mailer_only_vs_none,3,10,12,0.004115226337448559,0.011989845610988667,0.007874619273540108,0.005434782608695652,66.66666666666666,0.01142232458754977,0.010869565217391304,66.66666666666666,0.006388237931364615,0.026353586582236768,2,multi_store_repeated,1,1,sales_and_penetration_positive,1,191.35324834702465
1044895,69,GROCERY,Private,FLOUR & MEALS,FLOUR: WHITE & SELF RISING,5 LB,mailer_only_vs_none,3,13,11,0.008877192982456142,0.02385209235209235,0.01497489936963621,0.011904761904761904,66.66666666666666,0.008828890407837778,0.011904761904761904,66.66666666666666,0.004132428940568475,0.009093626414053146,2,multi_store_repeated,1,1,sales_and_penetration_positive,1,168.6895778793011
1103741,827,GROCERY,National,FRUIT - SHELF STABLE,MANDARIN ORANGES/CITRUS SECT,15 OZ,mailer_only_vs_none,3,16,14,0.073544708994709,0.07985101947784388,0.006306310483134893,0.027242715267925342,66.66666666666666,-0.005563589994538689,0.004889194139194138,66.66666666666666,-0.0007183763169723514,0.08504786574209096,0,multi_store_repeated,1,1,sales_and_penetration_positive,1,8.574798336055123
896369,69,GROCERY,Private,PNT BTR/JELLY/JAMS,PEANUT BUTTER,18 OZ,mailer_only_vs_none,29,155,141,0.01796397585913645,0.04442243967469039,0.026458463815553942,0.017026397515527952,68.96551724137932,0.007965298140662986,0.002097635392829901,58.620689655172406,0.0041727771787150696,0.13440655953485545,7,multi_store_repeated,1,0,sales_positive_only,1,147.28623564753457
1045220,1377,GROCERY,National,MEAT - SHELF STABLE,PASTA: CANNED,15 OZ,mailer_only_vs_none,24,181,213,0.02264377043971708,0.028170490002798202,0.00552671956308112,0.005470923856248084,62.5,0.0009816860324547176,0.0001035915573959047,50.0,-7.070840641637988e-05,0.011776030129522124,5,multi_store_repeated,1,0,sales_positive_only,1,24.40724073667202
987724,69,GROCERY,Private,CHEESE,SHREDDED CHEESE,8 OZ,mailer_only_vs_none,5,23,95,0.01948769841269841,0.013591503358172463,-0.005896195054525948,0.008831521739130434,60.0,-0.001142660091159392,-0.00028920934562619467,40.0,-0.0008190498289654379,0.0011425383170759237,2,multi_store_repeated,1,0,sales_positive_only,1,-30.25598472256692
834117,69,GROCERY,Private,WATER - CARBONATED/FLVRD DRINK,NON-CRBNTD DRNKING/MNERAL WATE,405.6 OZ,mailer_only_vs_none,4,40,16,0.0540994456931957,0.11438782742042441,0.06028838172722871,0.06360998023767421,75.0,0.005976101046144149,0.008201694139194141,50.0,0.002912690395137322,0.0842024232474893,1,multi_store_repeated,1,0,sales_positive_only,1,111.43992503940096
