min_weeks,DEPARTMENT,COMMODITY_DESC,comparison,product_store_pairs,products,stores,pair_median_spv_difference,positive_spv_pair_pct,pair_median_bpr_difference,positive_bpr_pair_pct,median_product_spv_difference,positive_spv_product_pct,median_product_bpr_difference,positive_bpr_product_pct,has_adequate_support,is_sales_signal,is_penetration_signal,is_promising,response_label
2,GROCERY,BAG SNACKS,display_only_vs_none,40,24,14,0.007695496063912318,57.49999999999999,0.003318174735781252,55.00000000000001,0.005883475934223016,58.333333333333336,0.002591623251122356,54.166666666666664,1,1,1,1,sales_and_penetration
2,GROCERY,BAG SNACKS,mailer_only_vs_none,36,21,13,0.0,44.44444444444444,0.0,44.44444444444444,0.001218253968253969,52.38095238095239,0.0002368096997253013,52.38095238095239,1,0,0,0,mixed_or_nonpositive
2,GROCERY,BAG SNACKS,both_vs_none,32,18,13,0.0,37.5,0.0,37.5,0.0,38.88888888888889,0.0,38.88888888888889,1,0,0,0,mixed_or_nonpositive
2,GROCERY,BAG SNACKS,both_vs_additive,30,17,13,-0.01247515764852726,36.666666666666664,-0.004864682679118472,36.666666666666664,-0.012959073654572661,29.411764705882355,-0.004721294123648238,29.411764705882355,1,0,0,0,mixed_or_nonpositive
2,GROCERY,BAKED BREAD/BUNS/ROLLS,display_only_vs_none,79,34,17,0.0005712366474284504,51.89873417721519,0.0014680557537339479,53.16455696202531,0.0009445793324119245,52.94117647058824,0.0015028871152746746,55.88235294117647,1,1,1,1,sales_and_penetration
2,GROCERY,BAKED BREAD/BUNS/ROLLS,mailer_only_vs_none,55,26,14,0.007104166666666667,52.72727272727272,0.0031983278158884774,56.36363636363636,0.007385348527183665,57.692307692307686,0.005351165669428465,61.53846153846154,1,1,1,1,sales_and_penetration
2,GROCERY,BAKED BREAD/BUNS/ROLLS,both_vs_none,39,12,12,0.002276295133437991,53.84615384615385,0.005128205128205128,61.53846153846154,0.0021471536423785745,66.66666666666666,0.0038526949241234954,66.66666666666666,1,1,1,1,sales_and_penetration
2,GROCERY,BAKED BREAD/BUNS/ROLLS,both_vs_additive,37,11,11,-0.0038632388775245927,48.64864864864865,-0.0005685566035819392,48.64864864864865,-0.009570043368180021,36.36363636363637,-0.0022907578717586835,36.36363636363637,1,0,0,0,mixed_or_nonpositive
2,GROCERY,CANNED JUICES,display_only_vs_none,59,12,39,0.002530701754385965,50.847457627118644,0.0,49.152542372881356,0.00720008841240459,58.333333333333336,0.003775190623718566,58.333333333333336,1,1,0,1,sales_only
2,GROCERY,CANNED JUICES,mailer_only_vs_none,61,14,36,0.0,42.62295081967213,0.0,44.26229508196721,0.002936507936507937,50.0,0.00028409090909090897,50.0,1,0,0,0,mixed_or_nonpositive
2,GROCERY,CANNED JUICES,both_vs_none,64,10,41,0.00650625,54.6875,0.005039776357242625,59.375,0.005526503896779897,60.0,0.0025222198422848985,60.0,1,1,1,1,sales_and_penetration
2,GROCERY,CANNED JUICES,both_vs_additive,43,8,31,0.005654911180773251,51.162790697674424,0.007960204954320677,58.139534883720934,-0.004623722639450194,37.5,0.003111245497345467,62.5,1,0,1,1,penetration_only
2,GROCERY,CHEESE,display_only_vs_none,60,11,33,0.01371763733765319,55.00000000000001,0.006691083634463486,58.333333333333336,0.023663491405246012,54.54545454545454,0.006562415625883111,54.54545454545454,1,1,1,1,sales_and_penetration
2,GROCERY,CHEESE,mailer_only_vs_none,43,15,22,0.013467282307660509,69.76744186046511,0.005482456140350877,67.44186046511628,0.01008373775111977,73.33333333333333,0.005669792387802766,73.33333333333333,1,1,1,1,sales_and_penetration
2,GROCERY,CHEESE,both_vs_none,37,13,19,0.01972009051554508,72.97297297297297,0.011471861471861472,70.27027027027027,0.029666666666666668,84.61538461538461,0.011770353302611367,76.92307692307693,1,1,1,1,sales_and_penetration
2,GROCERY,CHEESE,both_vs_additive,27,7,15,-0.023612947898662175,18.51851851851852,-0.00957896012344794,22.22222222222222,-0.02622244219003509,0.0,-0.015672025830769112,0.0,1,0,0,0,mixed_or_nonpositive
2,GROCERY,COLD CEREAL,display_only_vs_none,45,10,28,-0.003293650793650786,31.11111111111111,-0.004285714285714285,33.33333333333333,-0.006595536524500908,20.0,-0.003820733863837312,20.0,1,0,0,0,mixed_or_nonpositive
2,GROCERY,COLD CEREAL,mailer_only_vs_none,48,14,29,0.0,39.58333333333333,-0.001384142173615858,35.41666666666667,0.008163531870428422,50.0,0.0030023090617505395,50.0,1,0,0,0,mixed_or_nonpositive
2,GROCERY,COLD CEREAL,both_vs_none,45,9,28,0.011990196078431374,57.77777777777777,0.004850699650174912,57.77777777777777,0.018118055555555554,66.66666666666666,0.014851046698872786,77.77777777777779,1,1,1,1,sales_and_penetration
2,GROCERY,COLD CEREAL,both_vs_additive,40,8,25,0.022074717849408627,65.0,0.01192008162585374,65.0,-0.0038568347711304043,50.0,0.002660875739361205,50.0,1,0,0,0,mixed_or_nonpositive
2,GROCERY,CRACKERS/MISC BKD FD,display_only_vs_none,111,21,59,0.0,47.74774774774775,-0.0009768993755563948,44.14414414414414,0.002696734965850406,52.38095238095239,-0.00017857142857142898,42.857142857142854,1,0,0,0,mixed_or_nonpositive
2,GROCERY,CRACKERS/MISC BKD FD,mailer_only_vs_none,105,16,60,0.0,45.714285714285715,0.0,46.666666666666664,0.006097710662928052,56.25,0.004343376426865931,62.5,1,0,0,0,mixed_or_nonpositive
2,GROCERY,CRACKERS/MISC BKD FD,both_vs_none,102,15,55,0.007073826574175207,60.78431372549019,0.004535483352885312,60.78431372549019,0.02642962337789924,80.0,0.013157894736842105,93.33333333333333,1,1,1,1,sales_and_penetration
2,GROCERY,CRACKERS/MISC BKD FD,both_vs_additive,94,15,53,0.012466057466699586,61.702127659574465,0.009338221743580268,65.95744680851064,0.021999953827556797,73.33333333333333,0.007136903288786226,73.33333333333333,1,1,1,1,sales_and_penetration
2,GROCERY,DINNER MXS:DRY,display_only_vs_none,67,10,38,0.0,43.28358208955223,0.0,40.298507462686565,0.0,40.0,0.0008333333333333333,50.0,1,0,0,0,mixed_or_nonpositive
2,GROCERY,DINNER MXS:DRY,mailer_only_vs_none,76,15,40,0.0,40.78947368421053,0.0,42.10526315789473,0.0,40.0,0.0,40.0,1,0,0,0,mixed_or_nonpositive
2,GROCERY,DINNER MXS:DRY,both_vs_none,36,9,25,0.014198115609880319,52.77777777777778,0.0008152173913043483,50.0,0.0008787878787878817,55.55555555555556,0.0,44.44444444444444,1,1,0,1,sales_only
2,GROCERY,DINNER MXS:DRY,both_vs_additive,23,6,17,0.008747619047619047,60.86956521739131,0.006795764664185711,60.86956521739131,-0.06673976608187135,33.33333333333333,-0.012061403508771931,33.33333333333333,1,0,0,0,mixed_or_nonpositive
2,GROCERY,ISOTONIC DRINKS,display_only_vs_none,44,7,23,0.0019632682132682128,52.27272727272727,0.0,47.72727272727273,0.0,42.857142857142854,0.0002564102564102553,57.14285714285714,1,0,0,0,mixed_or_nonpositive
2,GROCERY,ISOTONIC DRINKS,mailer_only_vs_none,48,7,22,0.003142857142857143,50.0,0.0026554481441699498,52.083333333333336,0.0,42.857142857142854,-0.002410256410256411,28.57142857142857,1,0,0,0,mixed_or_nonpositive
2,GROCERY,ISOTONIC DRINKS,both_vs_none,40,5,21,0.0007203548085900988,52.5,0.003168767507002803,55.00000000000001,0.003703703703703704,60.0,0.0054505135387488335,60.0,1,1,1,1,sales_and_penetration
2,GROCERY,ISOTONIC DRINKS,both_vs_additive,38,5,19,0.00749339133089133,60.526315789473685,-0.0036986591738144515,44.73684210526316,0.017348350451291628,80.0,0.007392241992376399,80.0,1,1,0,1,sales_only
2,GROCERY,MEAT - SHELF STABLE,display_only_vs_none,157,15,54,0.0016491754122938546,50.955414012738856,0.002702312307575467,56.05095541401274,0.0011337868480725622,60.0,0.0028860215583818064,60.0,1,1,1,1,sales_and_penetration
2,GROCERY,MEAT - SHELF STABLE,mailer_only_vs_none,159,16,57,0.00025252525252525415,50.314465408805034,0.0002071831147918094,50.943396226415096,0.005711652404314518,56.25,0.0008822397409353928,56.25,1,1,1,1,sales_and_penetration
2,GROCERY,MEAT - SHELF STABLE,both_vs_none,143,9,53,0.002458228905597328,55.24475524475524,0.003535353535353534,58.04195804195804,0.005715811965811966,66.66666666666666,0.004119740037330063,66.66666666666666,1,1,1,1,sales_and_penetration
2,GROCERY,MEAT - SHELF STABLE,both_vs_additive,140,9,52,0.003590818903318898,52.85714285714286,0.0016420533370997753,55.714285714285715,0.0008273580564602256,55.55555555555556,0.0013279513972182348,66.66666666666666,1,1,1,1,sales_and_penetration
2,GROCERY,SALD DRSNG/SNDWCH SPRD,display_only_vs_none,69,16,40,0.005456427015250544,55.072463768115945,0.0017786561264822136,50.72463768115942,0.008329375184944327,68.75,0.0034020824854158185,62.5,1,1,1,1,sales_and_penetration
2,GROCERY,SALD DRSNG/SNDWCH SPRD,mailer_only_vs_none,68,14,40,0.00445188492063492,51.470588235294116,0.0012659215784215777,52.94117647058824,0.0033957379862700234,50.0,0.0016942837546384468,57.14285714285714,1,0,1,1,penetration_only
2,GROCERY,SALD DRSNG/SNDWCH SPRD,both_vs_none,65,11,39,0.0,49.23076923076923,0.0017399131369719607,52.307692307692314,0.005291005291005291,63.63636363636363,0.005291005291005291,63.63636363636363,1,0,1,1,penetration_only
2,GROCERY,SALD DRSNG/SNDWCH SPRD,both_vs_additive,60,11,37,-0.0036555780582100735,41.66666666666667,-7.863454884913385e-05,48.333333333333336,-0.0035329896441007556,27.27272727272727,-0.00121817482928594,36.36363636363637,1,0,0,0,mixed_or_nonpositive
2,GROCERY,SOUP,display_only_vs_none,112,23,47,0.0,44.642857142857146,0.0,46.42857142857143,0.0,39.130434782608695,0.0,43.47826086956522,1,0,0,0,mixed_or_nonpositive
2,GROCERY,SOUP,mailer_only_vs_none,115,23,47,0.004226190476190474,53.04347826086957,0.002380952380952381,52.17391304347826,5.279034690799326e-05,52.17391304347826,0.00028978589350106467,52.17391304347826,1,1,1,1,sales_and_penetration
2,GROCERY,SOUP,both_vs_none,73,15,35,0.007325,53.42465753424658,0.008611111111111111,58.9041095890411,0.007325,66.66666666666666,0.007890344694762252,80.0,1,1,1,1,sales_and_penetration
2,GROCERY,SOUP,both_vs_additive,67,13,33,-0.00509213647144682,46.26865671641791,-0.0018819143819143805,43.28358208955223,-0.011205085250963615,38.46153846153847,-0.004968330280830277,30.76923076923077,1,0,0,0,mixed_or_nonpositive
2,GROCERY,VEGETABLES - SHELF STABLE,display_only_vs_none,240,26,68,-0.0021751323574467477,41.66666666666667,-0.0010837677401144916,42.916666666666664,-0.002854759450639062,23.076923076923077,-0.0023146059395649935,30.76923076923077,1,0,0,0,mixed_or_nonpositive
2,GROCERY,VEGETABLES - SHELF STABLE,mailer_only_vs_none,265,28,70,-8.101851851851499e-05,48.301886792452834,-0.002567409176604578,44.528301886792455,-0.0024355938496088084,32.142857142857146,-0.00309321159504983,28.57142857142857,1,0,0,0,mixed_or_nonpositive
2,GROCERY,VEGETABLES - SHELF STABLE,both_vs_none,207,14,65,-0.0012409380418834173,43.47826086956522,0.000763914261356715,51.20772946859904,-0.0009223604678150104,28.57142857142857,0.0,42.857142857142854,1,0,0,0,mixed_or_nonpositive
2,GROCERY,VEGETABLES - SHELF STABLE,both_vs_additive,186,13,65,0.0014609000454900056,53.76344086021505,0.003498393555328322,58.06451612903226,0.0019987114513244295,61.53846153846154,0.004144978129735446,76.92307692307693,1,1,1,1,sales_and_penetration
