segment_type,segment_value,promo_group,pair_weeks,products,stores,product_store_pairs,avg_weekly_sales,median_weekly_sales,sales_incidence_rate,avg_buyer_count,avg_sales_per_visitor,avg_buyer_penetration_rate,avg_basket_share_rate,avg_store_sales_share_rate,avg_category_sales_share_rate,none_avg_sales,none_incidence,none_sales_per_visitor,none_buyer_penetration,none_basket_share,none_category_sales_share,raw_sales_lift_vs_none_pct,incidence_diff_pp,sales_per_visitor_lift_pct,buyer_penetration_lift_pct,basket_share_lift_pct,category_sales_share_lift_pct
brand,National,none,6350,635,95,1777,0.613992125984252,0.0,0.25496062992125984,0.2888188976377953,0.0321212170520365,0.015254784267364159,0.008874166987180722,0.0006075346909941369,0.09459167423365432,0.613992125984252,0.25496062992125984,0.0321212170520365,0.015254784267364159,0.008874166987180722,0.09459167423365432,0.0,0.0,0.0,0.0,0.0,0.0
brand,National,display_only,103693,2405,107,11293,0.8066436500053099,0.0,0.23534857704955975,0.26613175431321306,0.046313345594235125,0.01538987543902308,0.009154654650349692,0.0008934444550360868,0.07959064780045216,0.613992125984252,0.25496062992125984,0.0321212170520365,0.015254784267364159,0.008874166987180722,0.09459167423365432,31.376872091353025,-1.9612052871700092,44.18303490558068,0.8855659266708393,3.160721040906167,-15.858717540137391
brand,National,mailer_only,176138,3759,108,22467,1.250545481383889,0.0,0.30203590366644334,0.38378430548774256,0.07119184261048175,0.021588563090179053,0.012995878426942442,0.0013620587428874646,0.12571462654927845,0.613992125984252,0.25496062992125984,0.0321212170520365,0.015254784267364159,0.008874166987180722,0.09459167423365432,103.67451445394656,4.7075273745183495,121.6349476894063,41.519950146822325,46.446178505720994,32.902422509983495
brand,National,both,70436,1951,108,11369,1.3803197228689876,0.0,0.3569907433698677,0.43846896473394287,0.08061401566878017,0.025128179017623584,0.015335269915727435,0.001557714141418475,0.09756416396042983,0.613992125984252,0.25496062992125984,0.0321212170520365,0.015254784267364159,0.008874166987180722,0.09459167423365432,124.81065545527707,10.203011344860785,150.96812346239915,64.72326699094924,72.80799356018623,3.1424432973171212
brand,Private,none,6562,397,95,1510,0.5156217616580313,0.0,0.26927765925022856,0.3172813166717464,0.028429624368527542,0.017772407387488937,0.01030515910362706,0.0005286662846594882,0.0886659428813432,0.5156217616580313,0.26927765925022856,0.028429624368527542,0.017772407387488937,0.01030515910362706,0.0886659428813432,0.0,0.0,0.0,0.0,0.0,0.0
brand,Private,display_only,68755,990,108,6127,0.8604337139117016,0.0,0.3006181368627736,0.3900661770053087,0.04829642621987587,0.022357862819368808,0.013301717784691653,0.0009460384499936003,0.09145319988484886,0.5156217616580313,0.26927765925022856,0.028429624368527542,0.017772407387488937,0.01030515910362706,0.0886659428813432,66.87304103397311,3.1340477612545046,69.88063434753462,25.800980879539416,29.07823790910622,3.143548597047796
brand,Private,mailer_only,111566,1256,108,10758,0.9793815320079703,0.0,0.328119678038112,0.45995195668931393,0.057415560994731774,0.02679781025784976,0.016470870583443945,0.0011367396499504857,0.09077965035384566,0.5156217616580313,0.26927765925022856,0.028429624368527542,0.017772407387488937,0.01030515910362706,0.0886659428813432,89.94185366782715,5.8842018787883426,101.95680481199933,50.78323197066901,59.83130796735363,2.3839000678435474
brand,Private,both,36749,738,108,6011,1.06294293722278,0.0,0.40528993986230916,0.5726142207951237,0.061103140221956655,0.033271270983049966,0.01989644159684409,0.0011934751473291108,0.1138470542830679,0.5156217616580313,0.26927765925022856,0.028429624368527542,0.017772407387488937,0.01030515910362706,0.0886659428813432,106.14780373209713,13.60122806120806,114.92770861088016,87.2074517404525,93.07262893050559,28.39998153002581
commodity_top30,BACON,display_only,1123,22,54,118,0.7732056990204809,0.0,0.195013357079252,0.201246660730187,0.043665219121586,0.011850404924546568,0.0068177104748438355,0.0007825331421093775,0.12851239328620767,,,,,,,,,,,,
commodity_top30,BACON,mailer_only,1539,22,73,245,1.6191682910981158,0.0,0.3541260558804418,0.4184535412605588,0.09104563605827394,0.02364194637448451,0.013433472007623447,0.0016736670169427436,0.24820651308589395,,,,,,,,,,,,
commodity_top30,BACON,both,2264,22,70,249,2.081802120141343,0.0,0.44920494699646646,0.5428445229681979,0.12049195411121073,0.03099171918927309,0.018204941369841333,0.0022742362061166418,0.32637416482005527,,,,,,,,,,,,
commodity_top30,BAG SNACKS,none,216,40,30,94,0.6854166666666667,0.0,0.24074074074074073,0.25925925925925924,0.02858529529764867,0.011380825748734188,0.006557716845245391,0.0005479515084425565,0.030157603321297938,0.6854166666666667,0.24074074074074073,0.02858529529764867,0.011380825748734188,0.006557716845245391,0.030157603321297938,0.0,0.0,0.0,0.0,0.0,0.0
commodity_top30,BAG SNACKS,display_only,18461,154,102,1097,0.5606028925843687,0.0,0.22051893180217758,0.24289041763718108,0.03227453940490097,0.014061015060311165,0.008334919993472958,0.0006300531302461034,0.03351179083140536,0.6854166666666667,0.24074074074074073,0.02858529529764867,0.011380825748734188,0.006557716845245391,0.030157603321297938,-18.209912328116427,-2.0221808938563153,12.906090592514419,23.550042595767493,27.100943669382605,11.12219520355129
commodity_top30,BAG SNACKS,mailer_only,7078,102,100,943,0.5562489403786373,0.0,0.22520486012998023,0.24894037863803334,0.029832248880728617,0.01346551089851704,0.008068858775315301,0.0005907648719806641,0.029794605294017115,0.6854166666666667,0.24074074074074073,0.02858529529764867,0.011380825748734188,0.006557716845245391,0.030157603321297938,-18.845139397645628,-1.55358806107605,4.362220400719519,18.31752102886486,23.043720333328356,-1.2036700112189158
commodity_top30,BAG SNACKS,both,10207,88,102,934,0.7344812383658323,0.0,0.298814539041834,0.3517194082492407,0.042049823952408576,0.020064408322096248,0.01188813932074687,0.0008398164723172633,0.042487870204606995,0.6854166666666667,0.24074074074074073,0.02858529529764867,0.011380825748734188,0.006557716845245391,0.030157603321297938,7.158356965227819,5.80737983010933,47.102989542554965,76.30011007178345,81.28473066607398,40.88609678939959
commodity_top30,BAKED BREAD/BUNS/ROLLS,none,610,69,33,200,0.6684426229508197,0.0,0.31311475409836065,0.40491803278688526,0.0291494174468382,0.018126556494184185,0.010559842824900995,0.0005970122153393191,0.03295245614187968,0.6684426229508197,0.31311475409836065,0.0291494174468382,0.018126556494184185,0.010559842824900995,0.03295245614187968,0.0,0.0,0.0,0.0,0.0,0.0
commodity_top30,BAKED BREAD/BUNS/ROLLS,display_only,19837,144,106,1216,0.8637586328577835,0.0,0.4167464838433231,0.5639461612138932,0.05190325171033861,0.03394882731991531,0.02034351653177242,0.00104533532634804,0.057246846885661555,0.6684426229508197,0.31311475409836065,0.0291494174468382,0.018126556494184185,0.010559842824900995,0.03295245614187968,29.21956248761446,10.363172974496242,78.05931046477394,87.2877914280499,92.64980425466848,73.72558403288743
commodity_top30,BAKED BREAD/BUNS/ROLLS,mailer_only,8729,94,107,923,0.5616015580249752,0.0,0.3403597204719899,0.44460992095314467,0.03295917237388085,0.026244824601798198,0.015674951943359904,0.0006637778306443966,0.03686769792352019,0.6684426229508197,0.31311475409836065,0.0291494174468382,0.018126556494184185,0.010559842824900995,0.03295245614187968,-15.983580528452512,2.7244966373629276,13.069746364539746,44.7865986582654,48.43925428887117,11.881486966504395
commodity_top30,BAKED BREAD/BUNS/ROLLS,both,7248,63,103,837,0.9308567880794765,0.79,0.5092439293598234,0.7466887417218543,0.055339318781016805,0.04433673021206949,0.026672151985378034,0.0011416402586081325,0.0629820126679389,0.6684426229508197,0.31311475409836065,0.0291494174468382,0.018126556494184185,0.010559842824900995,0.03295245614187968,39.25754524303633,19.61291752614628,89.84708316021386,144.59543778375505,152.58095624759548,91.12994915087465
commodity_top30,BEEF,mailer_only,18990,64,106,1243,2.812380200105321,0.0,0.3422327540810953,0.45687203791469194,0.16541066822388414,0.02673755493582654,0.016076712696006565,0.0031871852731740384,0.07837204517497197,,,,,,,,,,,,
commodity_top30,BEERS/ALES,display_only,4200,62,72,178,2.9972619047618925,0.0,0.22166666666666668,0.23,0.1802160858614768,0.013464263160851914,0.00854110144906308,0.0035272545407623803,0.1336322040273168,,,,,,,,,,,,
commodity_top30,BEERS/ALES,mailer_only,322,27,52,93,4.286956521739131,0.0,0.2329192546583851,0.2391304347826087,0.25083337154659996,0.01429271564367955,0.009262304204615565,0.004807362427973135,0.14659765751201664,,,,,,,,,,,,
commodity_top30,BEERS/ALES,both,385,26,53,95,5.307792207792209,0.0,0.2909090909090909,0.2961038961038961,0.3398768619876502,0.018547223800624988,0.011630862248176811,0.006119784299355497,0.18769527041162343,,,,,,,,,,,,
commodity_top30,BREAKFAST SAUSAGE/SANDWICHES,display_only,1382,33,61,145,0.9111360347322721,0.0,0.19609261939218525,0.20911722141823444,0.05968628947198554,0.013618906855694715,0.008255687919414953,0.0011561106707108706,0.12870989755331866,,,,,,,,,,,,
commodity_top30,BREAKFAST SAUSAGE/SANDWICHES,mailer_only,1620,43,78,244,1.0383271604938273,0.0,0.27469135802469136,0.29814814814814816,0.060046250905781036,0.01731744514835523,0.010400166077353605,0.001125114584946161,0.17783176125158326,,,,,,,,,,,,
commodity_top30,BREAKFAST SAUSAGE/SANDWICHES,both,1966,37,72,213,1.6033112919633776,0.0,0.38351983723296035,0.4486266531027467,0.09551562111631483,0.02677155196295468,0.01581321345049123,0.0017616285180291585,0.24037794549808372,,,,,,,,,,,,
commodity_top30,CHEESE,none,510,44,52,160,0.5352941176470589,0.0,0.20392156862745098,0.2235294117647059,0.03187388791606858,0.013197853280214668,0.007509391158725359,0.0005893526943080265,0.02677472235565919,0.5352941176470589,0.20392156862745098,0.03187388791606858,0.013197853280214668,0.007509391158725359,0.02677472235565919,0.0,0.0,0.0,0.0,0.0,0.0
commodity_top30,CHEESE,display_only,8745,97,105,1072,0.8626620926243588,0.0,0.29491137793024585,0.3594053744997141,0.05095761469631908,0.021299151982812382,0.012322886070126817,0.0009655197404227148,0.04259974917757776,0.5352941176470589,0.20392156862745098,0.03187388791606858,0.013197853280214668,0.007509391158725359,0.02677472235565919,61.15665466608897,9.098980930279488,59.87260427878276,61.38345782902916,64.09966946266385,59.10435451657909
commodity_top30,CHEESE,mailer_only,22897,155,106,1639,0.509459317814561,0.0,0.21644756955059616,0.24361270035375812,0.02835859354998515,0.013520436233828533,0.008070384758317603,0.00056284512785148,0.024234496319205566,0.5352941176470589,0.20392156862745098,0.03187388791606858,0.013197853280214668,0.007509391158725359,0.02677472235565919,-4.8262812873897225,1.252600092314518,-11.028759263193821,2.4442077568589182,7.470560365475309,-9.487403838257592
commodity_top30,CHEESE,both,11023,99,103,1268,1.0346557198584785,0.0,0.3714052435816021,0.4737367322870362,0.06042350892170682,0.027617107694597968,0.016452330265152824,0.0011327689110873368,0.04960392279929542,0.5352941176470589,0.20392156862745098,0.03187388791606858,0.013197853280214668,0.007509391158725359,0.02677472235565919,93.28733228125418,16.748367495415113,89.57056346817838,109.25454396435575,119.09006892038683,85.2640043858792
commodity_top30,CHICKEN,mailer_only,10659,24,104,431,2.587634862557462,0.0,0.3496575663758326,0.462426118772868,0.1470318343375824,0.02596734307910627,0.015448885949040082,0.002831030621845056,0.2085538937788689,,,,,,,,,,,,
commodity_top30,COLD CEREAL,none,232,26,39,75,0.6965517241379311,0.0,0.2629310344827586,0.30603448275862066,0.037888457929725325,0.016220556257052092,0.009990184523450279,0.0008071133388568929,0.06670504512645216,0.6965517241379311,0.2629310344827586,0.037888457929725325,0.016220556257052092,0.009990184523450279,0.06670504512645216,0.0,0.0,0.0,0.0,0.0,0.0
commodity_top30,COLD CEREAL,display_only,920,89,80,333,0.7051195652173914,0.0,0.2510869565217391,0.27391304347826084,0.037297485357847805,0.014374031450178439,0.00861548361270811,0.0007326402815562521,0.04988038720234324,0.6965517241379311,0.2629310344827586,0.037888457929725325,0.016220556257052092,0.009990184523450279,0.06670504512645216,1.2300365906155797,-1.1844077961019495,-1.5597693972492666,-11.383856247660152,-13.760515709347409,-25.222466894692253
commodity_top30,COLD CEREAL,mailer_only,2378,140,93,600,0.6297350714886459,0.0,0.2220353238015139,0.2375946173254836,0.03254201615462405,0.012109220048283144,0.007151411544454187,0.0006222660591332669,0.0436712514918715,0.6965517241379311,0.2629310344827586,0.037888457929725325,0.016220556257052092,0.009990184523450279,0.06670504512645216,-9.592489736778564,-4.089571068124473,-14.111003897328677,-25.346456333650657,-28.41562107619283,-34.530811861255316
commodity_top30,COLD CEREAL,both,1834,99,86,471,0.9293020719738275,0.0,0.33751363140676116,0.37295528898582336,0.04772654687168596,0.01919806874817399,0.011276064269863707,0.0009347034867669861,0.06363010376018347,0.6965517241379311,0.2629310344827586,0.037888457929725325,0.016220556257052092,0.009990184523450279,0.06670504512645216,33.41465389723266,7.458259692400254,25.96592598254621,18.35641419404088,12.871431387428744,-4.609758318039592
commodity_top30,CRACKERS/MISC BKD FD,none,750,28,72,147,0.47258666666666665,0.0,0.28,0.31733333333333336,0.026015757871934775,0.018283903178233904,0.010669260984918862,0.0004963456987873685,0.08061028699247423,0.47258666666666665,0.28,0.026015757871934775,0.018283903178233904,0.010669260984918862,0.08061028699247423,0.0,0.0,0.0,0.0,0.0,0.0
commodity_top30,CRACKERS/MISC BKD FD,display_only,6878,64,98,529,0.5153678394882232,0.0,0.22782785693515556,0.25806920616458273,0.02957151155969678,0.014945328962519171,0.008672496414756137,0.0005663907238545597,0.07429284464654486,0.47258666666666665,0.28,0.026015757871934775,0.018283903178233904,0.010669260984918862,0.08061028699247423,9.052556036611946,-5.217214306484447,13.667692116699293,-18.259636266774493,-18.715116004615282,-7.83701755896139
commodity_top30,CRACKERS/MISC BKD FD,mailer_only,3313,65,98,506,0.5075188650769694,0.0,0.22638092363416842,0.24992453969212194,0.02873022676327414,0.014037547667914891,0.008182297734965803,0.0005395436459875203,0.06777459873514113,0.47258666666666665,0.28,0.026015757871934775,0.018283903178233904,0.010669260984918862,0.08061028699247423,7.391702067409733,-5.36190763658316,10.43394124707655,-23.224556971916655,-23.3096111667754,-15.923139262029217
commodity_top30,CRACKERS/MISC BKD FD,both,4229,51,99,503,0.6233435800425629,0.0,0.2724048238354221,0.31756916528730195,0.03549922095368838,0.01811362743572452,0.010607260668225718,0.000676427501641871,0.08766227697508643,0.47258666666666665,0.28,0.026015757871934775,0.018283903178233904,0.010669260984918862,0.08061028699247423,31.900373838145278,-0.7595176164577944,36.452765006642984,-0.9312877061834923,-0.5811116325749488,8.74825068327889
commodity_top30,DELI MEATS,mailer_only,9125,47,98,612,1.224717808219177,0.0,0.23912328767123286,0.2709041095890411,0.06836008858886314,0.01508332567926622,0.00922577515516006,0.0012587477740122284,0.08742604311048932,,,,,,,,,,,,
commodity_top30,EGGS,display_only,1530,9,93,299,1.183712418300653,0.88,0.5601307189542484,0.9130718954248366,0.06533706102358557,0.050208764369106804,0.030065336585407262,0.0012602583751553618,0.2766314294903103,,,,,,,,,,,,
commodity_top30,EGGS,mailer_only,2181,7,108,384,1.3350618982118296,0.88,0.599266391563503,1.038972948188904,0.08032862783891197,0.0625994597058556,0.0376600151160356,0.0016475820972614592,0.29940087526282805,,,,,,,,,,,,
commodity_top30,EGGS,both,2032,6,103,365,1.9027755905511807,1.29,0.7613188976377953,1.5418307086614174,0.11090419429224868,0.08999326543168666,0.05410359520630158,0.0022405748994086417,0.42321763573731025,,,,,,,,,,,,
commodity_top30,FLUID MILK PRODUCTS,display_only,5292,29,58,279,2.8896579743008273,1.99,0.5260770975056689,0.9143990929705216,0.15053711720121984,0.04752957677863131,0.0290081215768442,0.002747837052985185,0.11025178146775302,,,,,,,,,,,,
commodity_top30,FLUID MILK PRODUCTS,mailer_only,18874,39,108,1073,2.79571950831832,1.67,0.6324573487337077,1.1635583342163822,0.1682858739377582,0.06953635681672707,0.04433472143258332,0.0033546284750588184,0.11729889350373686,,,,,,,,,,,,
commodity_top30,FLUID MILK PRODUCTS,both,1831,19,56,258,3.2088530857454973,2.0,0.6799563080283998,1.2949208083014747,0.1757356082967645,0.07197696359241253,0.043879523224326755,0.0033882342613600694,0.13401877492321337,,,,,,,,,,,,
commodity_top30,FROZEN PIZZA,display_only,5903,109,93,538,0.657799424021684,0.0,0.1834660342198882,0.19752668134846688,0.03844483897721128,0.011525495419386656,0.0067641470413398064,0.0007040159371664001,0.0393387362427672,,,,,,,,,,,,
commodity_top30,FROZEN PIZZA,mailer_only,5460,135,96,678,0.7326318681318679,0.0,0.2108058608058608,0.22142857142857142,0.04117087186691995,0.012415980903723638,0.00734541176919263,0.0008015912372285937,0.03939859877455258,,,,,,,,,,,,
commodity_top30,FROZEN PIZZA,both,3977,102,93,581,1.0520945436258486,0.0,0.28187075685189844,0.3085240130751823,0.05974194249679479,0.01735361076337355,0.010259687455614475,0.001125496238080427,0.05456093172105913,,,,,,,,,,,,
commodity_top30,FRZN MEAT/MEAT DINNERS,display_only,3464,135,75,397,0.4758429561200923,0.0,0.20409930715935334,0.21651270207852194,0.028105547621905026,0.012599337133738701,0.007458835387538577,0.0005985718239626125,0.032578703138173244,,,,,,,,,,,,
commodity_top30,FRZN MEAT/MEAT DINNERS,mailer_only,6938,270,92,825,0.6437993658114728,0.0,0.22672239838570193,0.238108965119631,0.034590101420752015,0.01247571410841351,0.007449592869319302,0.0006842730778037737,0.028230103843886183,,,,,,,,,,,,
commodity_top30,FRZN MEAT/MEAT DINNERS,both,2465,187,85,565,0.7140973630831637,0.0,0.25882352941176473,0.2823529411764706,0.0379346152859373,0.014952935892818769,0.008973771061840346,0.0007645161459500076,0.03450779061934572,,,,,,,,,,,,
commodity_top30,GRAPES,mailer_only,3191,6,106,293,1.892246944531495,0.0,0.4935756816045127,0.7959887182701347,0.10761164971512573,0.045319457942987966,0.02719762332958053,0.0020728203446735934,0.3768573352587783,,,,,,,,,,,,
commodity_top30,HOT DOGS,display_only,1536,21,86,208,0.6604036458333334,0.0,0.24348958333333334,0.2858072916666667,0.03694283691162639,0.015640919195315555,0.008864574774654708,0.0007512256621219206,0.1636178301056295,,,,,,,,,,,,
commodity_top30,HOT DOGS,mailer_only,2469,22,95,289,0.7386107735925486,0.0,0.2507087889833941,0.28554070473876064,0.04331327279377491,0.016639379034912225,0.009736389854400368,0.0008693031694032102,0.18835312073722135,,,,,,,,,,,,
commodity_top30,HOT DOGS,both,2318,23,91,268,1.2260785159620378,0.0,0.37791199309749784,0.4685073339085418,0.07090435576290204,0.02713380982921128,0.015644262050092134,0.0013193805801209053,0.2817184337274185,,,,,,,,,,,,
commodity_top30,ICE CREAM/MILK/SHERBTS,display_only,1361,80,68,179,0.8082880235121239,0.0,0.18368846436443792,0.18736223365172666,0.047100831449598306,0.011080401048439142,0.006310483730722457,0.0008635379639999887,0.06936178023014174,,,,,,,,,,,,
commodity_top30,ICE CREAM/MILK/SHERBTS,mailer_only,2194,113,74,259,0.9677347310847767,0.0,0.2944393801276208,0.304922515952598,0.05789259638358864,0.017911420908761053,0.011342450071768298,0.0011525915487357527,0.0889679985931742,,,,,,,,,,,,
commodity_top30,ICE CREAM/MILK/SHERBTS,both,1152,91,76,235,0.9803211805555555,0.0,0.3385416666666667,0.3836805555555556,0.0574825620011252,0.022298248886957986,0.014110514528636034,0.0011669889550762942,0.09638228898739887,,,,,,,,,,,,
commodity_top30,LUNCHMEAT,display_only,1207,73,66,179,0.7939022369511187,0.0,0.2195526097763049,0.2510356255178128,0.04134126556929643,0.013001435794294493,0.007378982529524857,0.0007836244566783435,0.06913925742923258,,,,,,,,,,,,
commodity_top30,LUNCHMEAT,mailer_only,2929,119,90,456,0.6760737453055654,0.0,0.23250256060088767,0.24820757937862753,0.037437610569908804,0.013748932005385833,0.008098448023838746,0.0007002030619108486,0.05892678539213939,,,,,,,,,,,,
commodity_top30,LUNCHMEAT,both,1151,98,83,321,1.0881407471763689,0.0,0.366637706342311,0.42137271937445697,0.056796636917635986,0.02216089850421928,0.013464995271220739,0.0011138722784116992,0.09167448180582266,,,,,,,,,,,,
commodity_top30,MEAT - MISC,display_only,5456,24,78,246,1.497938049853372,0.0,0.1750366568914956,0.1909824046920821,0.0806794765152719,0.01036771961518567,0.006101455176536745,0.0015500840286859893,0.14174602562553326,,,,,,,,,,,,
commodity_top30,MEAT - MISC,mailer_only,1635,19,80,238,1.9508929663608578,0.0,0.22568807339449543,0.25321100917431194,0.11344502332195466,0.014725191536889773,0.008766587181058477,0.002124098899628897,0.19916257084732783,,,,,,,,,,,,
commodity_top30,MEAT - MISC,both,1692,18,74,226,2.417198581560286,0.0,0.274822695035461,0.3108747044917258,0.13006233710981793,0.016726542458856044,0.009546223341532921,0.00250148664609183,0.22158344859804902,,,,,,,,,,,,
commodity_top30,MEAT - SHELF STABLE,none,1118,26,64,201,0.5857871198568873,0.0,0.2334525939177102,0.25760286225402507,0.03218198077868938,0.014607243592993329,0.008226849425029274,0.0005951528743527995,0.0757512284314408,0.5857871198568873,0.2334525939177102,0.03218198077868938,0.014607243592993329,0.008226849425029274,0.0757512284314408,0.0,0.0,0.0,0.0,0.0,0.0
commodity_top30,MEAT - SHELF STABLE,display_only,4143,42,86,377,0.571361332367849,0.0,0.21675114651218924,0.23557808351436157,0.03358420032793014,0.013859850850579631,0.00798726879687554,0.0006326694582262863,0.08753830365795467,0.5857871198568873,0.2334525939177102,0.03218198077868938,0.014607243592993329,0.008226849425029274,0.0757512284314408,-2.462633096569722,-1.6701447405520957,4.357157375997489,-5.116589845685882,-2.9121795693116237,15.56024300936829
commodity_top30,MEAT - SHELF STABLE,mailer_only,2718,48,89,409,0.46750183958793234,0.0,0.20750551876379691,0.2299484915378955,0.02523532990455749,0.012625175089347927,0.0072765273640264284,0.0004678385175552401,0.06118780954388819,0.5857871198568873,0.2334525939177102,0.03218198077868938,0.014607243592993329,0.008226849425029274,0.0757512284314408,-20.192536889143785,-2.5947075153913284,-21.585529249746816,-13.5690795530797,-11.551470215458137,-19.22532371964547
commodity_top30,MEAT - SHELF STABLE,both,1729,30,87,322,0.7701214574898785,0.0,0.3100057836899942,0.3597455176402545,0.04415533859585351,0.020835209844931944,0.012115951719035113,0.0008222709443870362,0.0988590500508262,0.5857871198568873,0.2334525939177102,0.03218198077868938,0.014607243592993329,0.008226849425029274,0.0757512284314408,31.467803129236714,7.655318977228401,37.205161172343914,42.636149745089426,47.27328887500577,30.50488037999184
commodity_top30,MILK BY-PRODUCTS,none,112,6,12,16,0.23910714285714288,0.0,0.19642857142857142,0.20535714285714285,0.017158936867901375,0.014805014179945073,0.007841157769588403,0.00027156235545522714,0.05613375304689697,0.23910714285714288,0.19642857142857142,0.017158936867901375,0.014805014179945073,0.007841157769588403,0.05613375304689697,0.0,0.0,0.0,0.0,0.0,0.0
commodity_top30,MILK BY-PRODUCTS,display_only,346,19,69,149,0.510028901734104,0.0,0.28901734104046245,0.3265895953757225,0.031419834235506254,0.020304291151236713,0.011536577606989014,0.0005724097088413491,0.12313160301002354,0.23910714285714288,0.19642857142857142,0.017158936867901375,0.014805014179945073,0.007841157769588403,0.05613375304689697,113.30558997094711,9.258876961189102,83.11061155707287,37.144692362003816,47.128497423341486,119.35394718246113
commodity_top30,MILK BY-PRODUCTS,mailer_only,9253,23,105,525,0.4868086026153686,0.0,0.265319355884578,0.2999027342483519,0.028619412195071074,0.017427362612957766,0.010189732365655627,0.0005362429656469119,0.09999547280138843,0.23910714285714288,0.19642857142857142,0.017158936867901375,0.014805014179945073,0.007841157769588403,0.05613375304689697,103.59433716550144,6.889078445600657,66.79012467612961,17.71256954664007,29.951885487830253,78.13787137633068
commodity_top30,MILK BY-PRODUCTS,both,1677,15,85,297,0.6009719737626714,0.0,0.3303518187239117,0.38640429338103754,0.03528191554560325,0.022650199775178088,0.01297269562535468,0.0006736102601776323,0.131055232547716,0.23910714285714288,0.19642857142857142,0.017158936867901375,0.014805014179945073,0.007841157769588403,0.05613375304689697,151.34003383651677,13.39232472953403,105.61830734166229,52.99005796198515,65.44362460947704,133.46957121898808
commodity_top30,PORK,mailer_only,3403,34,85,208,2.3529591536879213,0.0,0.3482221569203644,0.42109903026741113,0.13426960966272716,0.023741788768447198,0.013909281169840196,0.002544113052238512,0.2114131585082751,,,,,,,,,,,,
commodity_top30,REFRGRATD JUICES/DRNKS,display_only,2346,56,85,360,0.5448167092924129,0.0,0.2813299232736573,0.3316283034953112,0.03255635741319681,0.020173509734441535,0.012201771034913995,0.0007237454997976545,0.07906172944750968,,,,,,,,,,,,
commodity_top30,REFRGRATD JUICES/DRNKS,mailer_only,8570,81,103,798,0.7479288214702453,0.0,0.3102683780630105,0.35495915985997667,0.042208503160979335,0.02007608944756859,0.012222890158189949,0.000851636960170832,0.08911244039721022,,,,,,,,,,,,
commodity_top30,REFRGRATD JUICES/DRNKS,both,1850,63,87,411,1.001497297297297,0.0,0.37351351351351353,0.4864864864864865,0.05402965656680516,0.026863428508449617,0.016484294275517238,0.0010808939019496442,0.10693691727869346,,,,,,,,,,,,
commodity_top30,SALAD MIX,none,117,13,5,24,0.7005128205128206,0.0,0.21367521367521367,0.23931623931623933,0.03689318401837256,0.012582647507232727,0.007150109280263667,0.0006355300872062078,0.11755724095139197,0.7005128205128206,0.21367521367521367,0.03689318401837256,0.012582647507232727,0.007150109280263667,0.11755724095139197,0.0,0.0,0.0,0.0,0.0,0.0
commodity_top30,SALAD MIX,mailer_only,8059,32,104,484,0.9071398436530588,0.0,0.33478099019729496,0.40774289614096043,0.051625221089903674,0.02345856591184574,0.014000015369451713,0.0009957320110651493,0.19140176547875612,0.7005128205128206,0.21367521367521367,0.03689318401837256,0.012582647507232727,0.007150109280263667,0.11755724095139197,29.496536978291687,12.110577652208129,39.93159566871392,86.4358506296973,95.80141814189795,62.81580269300269
commodity_top30,SOFT DRINKS,none,207,69,29,118,0.6539613526570048,0.0,0.2995169082125604,0.34782608695652173,0.034889083356015614,0.017738742470403027,0.010745927320034836,0.0008045269080740553,0.02370234461950509,0.6539613526570048,0.2995169082125604,0.034889083356015614,0.017738742470403027,0.010745927320034836,0.02370234461950509,0.0,0.0,0.0,0.0,0.0,0.0
commodity_top30,SOFT DRINKS,display_only,9640,191,102,1383,1.036420124481328,0.0,0.2446058091286307,0.2687759336099585,0.059631793571639474,0.015718775644484064,0.009921135981599064,0.001165940344464314,0.027557040012679383,0.6539613526570048,0.2995169082125604,0.034889083356015614,0.017738742470403027,0.010745927320034836,0.02370234461950509,58.48339053529947,-5.491109908392969,70.91820086857541,-11.387316937991876,-7.67538541692927,16.2629286471609
commodity_top30,SOFT DRINKS,mailer_only,22201,279,107,2501,1.2456510967974492,0.0,0.3006621323363812,0.34764199810819335,0.07276970334694625,0.020025403764360687,0.012656153633862311,0.0014242306368825806,0.030364257928545822,0.6539613526570048,0.2995169082125604,0.034889083356015614,0.017738742470403027,0.010745927320034836,0.02370234461950509,90.47778461776758,0.11452241238208427,108.57442026890976,12.890774516699466,17.77628171992218,28.106558300390773
commodity_top30,SOFT DRINKS,both,17844,166,105,1799,2.4437211387581295,0.0,0.43656130912351493,0.579242322349249,0.14778198126199177,0.03449366795498075,0.02214125316819258,0.0029092673772858706,0.05514743344005775,0.6539613526570048,0.2995169082125604,0.034889083356015614,0.017738742470403027,0.010745927320034836,0.02370234461950509,273.6797486318481,13.704440091095455,323.5765662112502,94.45385157675751,106.04320603315603,132.66657508082943
commodity_top30,TOMATOES,mailer_only,3154,7,106,390,1.2503899809765382,0.0,0.42707672796448953,0.6058972733037413,0.07281919059009506,0.03494455724661038,0.021118670365834872,0.0013935561395555804,0.2926090638791653,,,,,,,,,,,,
commodity_top30,TROPICAL FRUIT,mailer_only,1936,8,104,215,2.218223140495867,1.88,0.7329545454545454,2.4540289256198347,0.12945743299122667,0.14285065113096024,0.09108008588317856,0.002554313369323001,0.580235354446841,,,,,,,,,,,,
commodity_top30,VEGETABLES - SHELF STABLE,none,2213,39,76,322,0.3759963849977404,0.0,0.27248079530049707,0.31179394487121553,0.02213910740754941,0.018494726640074066,0.010720821432963592,0.0004085078414440515,0.05761603585841582,0.3759963849977404,0.27248079530049707,0.02213910740754941,0.018494726640074066,0.010720821432963592,0.05761603585841582,0.0,0.0,0.0,0.0,0.0,0.0
commodity_top30,VEGETABLES - SHELF STABLE,display_only,3422,49,95,425,0.35127995324371686,0.0,0.25891291642314435,0.29427235534774987,0.020664572982666662,0.0175182226122616,0.010399261915367866,0.00040202063225545226,0.057373590775816274,0.3759963849977404,0.27248079530049707,0.02213910740754941,0.018494726640074066,0.010720821432963592,0.05761603585841582,-6.5735822843541625,-1.3567878877352724,-6.660315602335132,-5.2799051687338565,-2.999392533551748,-0.4207944524252327
commodity_top30,VEGETABLES - SHELF STABLE,mailer_only,4456,73,100,583,0.2965798922800715,0.0,0.23114901256732495,0.25718132854578096,0.01686826667537711,0.014612801299232807,0.008628558210982119,0.0003093497311072501,0.04420914921129742,0.3759963849977404,0.27248079530049707,0.02213910740754941,0.018494726640074066,0.010720821432963592,0.05761603585841582,-21.121610708609918,-4.1331782733172115,-23.807828541339237,-20.989363164903274,-19.515885373748855,-23.269366674347648
commodity_top30,VEGETABLES - SHELF STABLE,both,1457,30,93,354,0.4251612903225805,0.0,0.3212079615648593,0.37886067261496226,0.025748157713349724,0.022555176199730007,0.01346969766908474,0.0004734233254231333,0.06607109497145447,0.3759963849977404,0.27248079530049707,0.02213910740754941,0.018494726640074066,0.010720821432963592,0.05761603585841582,13.07589840927208,4.872716626436224,16.30169744137757,21.95463408936158,25.640537465432512,14.674836592048601
commodity_top30,WATER - CARBONATED/FLVRD DRINK,display_only,3112,35,74,151,1.0067095115681244,0.0,0.2191516709511568,0.24132390745501286,0.05860290149100042,0.014072982669510695,0.008074257856542096,0.0010843427241166684,0.12581800504742235,,,,,,,,,,,,
commodity_top30,WATER - CARBONATED/FLVRD DRINK,mailer_only,318,22,57,102,1.6388679245283022,0.0,0.27358490566037735,0.29559748427672955,0.09875385470131946,0.016947370093159067,0.010346335962042522,0.0016564142088677748,0.14100586816597868,,,,,,,,,,,,
commodity_top30,WATER - CARBONATED/FLVRD DRINK,both,616,13,63,106,1.5247240259740265,0.0,0.2840909090909091,0.33116883116883117,0.08709141330240981,0.018930193920287077,0.010868655734806233,0.0015557670851052278,0.16185995754010435,,,,,,,,,,,,
department,DELI,display_only,352,21,17,27,0.44676136363636376,0.0,0.16193181818181818,0.16477272727272727,0.02353029757583462,0.00888873148237104,0.0056180767245678455,0.0005405653931673649,0.1677515094243757,,,,,,,,,,,,
department,DELI,mailer_only,14354,120,103,1099,1.2177058659607038,0.0,0.24689981886582138,0.278458966141842,0.06822037670221841,0.01562015878520194,0.009436457717138568,0.0012530729877845521,0.12592666029891217,,,,,,,,,,,,
department,DRUG GM,none,115,45,27,70,0.33643478260869564,0.0,0.17391304347826086,0.2,0.015106411377182228,0.00976786669358941,0.00564039644044655,0.0003133735119040843,0.063334547060399,0.33643478260869564,0.17391304347826086,0.015106411377182228,0.00976786669358941,0.00564039644044655,0.063334547060399,0.0,0.0,0.0,0.0,0.0,0.0
department,DRUG GM,display_only,11335,226,97,1045,0.40148213498015023,0.0,0.22479047198941332,0.24958094397882663,0.022703658319974836,0.014258751454465434,0.00861606688989108,0.00046642155123118826,0.06933704112419513,0.33643478260869564,0.17391304347826086,0.015106411377182228,0.00976786669358941,0.00564039644044655,0.063334547060399,19.334312542562103,5.087742851115245,50.29154014876105,45.97610616270351,52.756406058737014,9.477440579265295
department,DRUG GM,mailer_only,6271,351,101,1236,0.4237601658427683,0.0,0.2717269972891086,0.29899537553819167,0.024877392153684234,0.01696204712024155,0.010064163677693739,0.00048160178646378186,0.07663080286225935,0.33643478260869564,0.17391304347826086,0.015106411377182228,0.00976786669358941,0.00564039644044655,0.063334547060399,25.956110291854117,9.781395381084772,64.68101875777575,73.65150090934019,78.43007639542728,20.99368578286409
department,DRUG GM,both,3518,144,96,816,0.4920039795338256,0.0,0.33598635588402503,0.3899943149516771,0.02847792498638654,0.021934845494468377,0.013482995887726501,0.0005586902146976264,0.08347690139882162,0.33643478260869564,0.17391304347826086,0.015106411377182228,0.00976786669358941,0.00564039644044655,0.063334547060399,46.240521184776284,16.207331240576416,88.51548706929545,124.56126995328552,139.04340820871545,31.80310789814895
department,GROCERY,none,12042,889,101,3055,0.5567322703869797,0.0,0.26366052150805513,0.30335492443115764,0.029821393673038876,0.0165048886752661,0.009545013139325301,0.0005608463819645754,0.08640800976847766,0.5567322703869797,0.26366052150805513,0.029821393673038876,0.0165048886752661,0.009545013139325301,0.08640800976847766,0.0,0.0,0.0,0.0,0.0,0.0
department,GROCERY,display_only,140510,2700,108,14664,0.835156999501831,0.0,0.2724005408867696,0.3337769553768415,0.04785569577511215,0.019291135596765655,0.01146216118221232,0.0009275295453908103,0.07574146012856393,0.5567322703869797,0.26366052150805513,0.029821393673038876,0.0165048886752661,0.009545013139325301,0.08640800976847766,50.01052461380058,0.8740019378714492,60.47437721992801,16.881343317843587,20.08533686547167,-12.344399169120745
department,GROCERY,mailer_only,176546,3627,108,21677,0.8801518584391491,0.0,0.29713502429961597,0.3864601860138434,0.05086913918854838,0.022146981285199187,0.013586253431153853,0.0009993241501145382,0.064654698411348,0.5567322703869797,0.26366052150805513,0.029821393673038876,0.0165048886752661,0.009545013139325301,0.08640800976847766,58.09248093834463,3.3474502791560834,70.579348994472,34.184372405905506,42.33876090938742,-25.175109825368825
department,GROCERY,both,91286,2153,108,14630,1.2578025107902673,0.0,0.37678285826961416,0.49585916788992834,0.07342703268114349,0.02862155177137209,0.017367687223672473,0.001428318861064914,0.08797312152879307,0.5567322703869797,0.26366052150805513,0.029821393673038876,0.0165048886752661,0.009545013139325301,0.08640800976847766,125.92592125403112,11.312233676155902,146.2226731795164,73.41257087219124,81.95561357708226,1.8113040266857006
department,MEAT,mailer_only,33268,130,106,1918,2.685595166526392,0.0,0.3451665263917278,0.4545208608873392,0.1559084692340612,0.026148325145994692,0.015631928648228856,0.002998685157068427,0.13098908272683815,,,,,,,,,,,,
department,MEAT-PCKGD,none,148,34,20,61,0.6781081081081082,0.0,0.16216216216216217,0.17567567567567569,0.04098263928333588,0.011546554232312746,0.006366025463584228,0.0006919168537567472,0.13493050213532368,0.6781081081081082,0.16216216216216217,0.04098263928333588,0.011546554232312746,0.006366025463584228,0.13493050213532368,0.0,0.0,0.0,0.0,0.0,0.0
department,MEAT-PCKGD,display_only,15177,250,100,1213,1.0166673255584022,0.0,0.1940436186334585,0.21137247150293206,0.05717350013969685,0.011999505885941026,0.007003502223770993,0.0010973155761713842,0.1515379631944326,0.6781081081081082,0.16216216216216217,0.04098263928333588,0.011546554232312746,0.006366025463584228,0.13493050213532368,49.927026885854445,3.188145647129634,39.506632904788084,3.9228296556275355,10.013732490285232,12.308159234783744
department,MEAT-PCKGD,mailer_only,13763,335,105,1924,1.0374402383201287,0.0,0.2499455060669912,0.27719247257138707,0.05934604238748032,0.015845261145582486,0.009340865389116281,0.001135266373169608,0.15899207418113273,0.6781081081081082,0.16216216216216217,0.04098263928333588,0.011546554232312746,0.006366025463584228,0.13493050213532368,52.99038986785476,8.778334390482904,44.80776110388591,37.22934848597441,46.7299407228124,17.832566888158
department,MEAT-PCKGD,both,11459,271,102,1619,1.5937254559734595,0.0,0.36163714111178985,0.4275242167728423,0.09073183690460448,0.0244225799249971,0.014304358871339575,0.0017106229921812122,0.24280781936881504,0.6781081081081082,0.16216216216216217,0.04098263928333588,0.011546554232312746,0.006366025463584228,0.13493050213532368,135.02527648871262,19.94749789496277,121.39090720176564,111.51401044522112,124.69842373652509,79.95028220179579
department,NUTRITION,display_only,1350,70,51,119,0.7094592592592595,0.0,0.22,0.22814814814814816,0.036136614277272654,0.011392888095678717,0.007203549942337212,0.0006738009368909753,0.3261677643978319,,,,,,,,,,,,
department,NUTRITION,mailer_only,518,113,62,201,0.9375482625482626,0.0,0.277992277992278,0.28378378378378377,0.05197754633711574,0.01562246848797269,0.009664100976223238,0.0009543696820767759,0.27306560310557315,,,,,,,,,,,,
department,NUTRITION,both,101,33,28,49,0.6926732673267327,0.0,0.26732673267326734,0.26732673267326734,0.03029958047953279,0.01237997873107911,0.007771820282550921,0.0005836596081013501,0.2665778069051228,,,,,,,,,,,,
department,PASTRY,display_only,594,35,51,107,0.5575925925925924,0.0,0.21043771043771045,0.2222222222222222,0.03317202316410251,0.013450123659535008,0.008023506150477108,0.0006946252253569625,0.2374990120993804,,,,,,,,,,,,
department,PASTRY,mailer_only,5011,60,101,429,0.655769307523449,0.0,0.25663540211534625,0.2911594492117342,0.03474159070707022,0.015875520270205463,0.009313693424405876,0.0006737393358461204,0.28324509127616726,,,,,,,,,,,,
department,PASTRY,both,254,18,40,70,0.6931889763779527,0.0,0.28346456692913385,0.33858267716535434,0.04964761266330879,0.023172062007159294,0.014911538346297394,0.000967110191013531,0.33236472254543176,,,,,,,,,,,,
department,PRODUCE,none,585,45,13,82,0.6732307692307692,0.0,0.27350427350427353,0.35384615384615387,0.03641571013576644,0.019694919787933807,0.012193086915874235,0.0006686397570710045,0.2030208405966006,0.6732307692307692,0.27350427350427353,0.03641571013576644,0.019694919787933807,0.012193086915874235,0.2030208405966006,0.0,0.0,0.0,0.0,0.0,0.0
department,PRODUCE,display_only,1937,56,53,165,0.8693908105317513,0.0,0.2720702116675271,0.3252452245740836,0.04909619326205659,0.01859752097408806,0.011745790229583932,0.0009171801681500025,0.23640595084082322,0.6732307692307692,0.27350427350427353,0.03641571013576644,0.019694919787933807,0.012193086915874235,0.2030208405966006,29.137117652111133,-0.14340618367464364,34.82146326136244,-5.571989252365849,-3.6684449916285278,16.444178906025876
department,PRODUCE,mailer_only,37036,210,108,4563,1.2144545847283674,0.0,0.41840371530402853,0.647829139215898,0.0687782862160867,0.03679093890212714,0.02218117772134772,0.0013138443402475222,0.32716079452299396,0.6732307692307692,0.27350427350427353,0.03641571013576644,0.019694919787933807,0.012193086915874235,0.2030208405966006,80.3920201264714,14.4899441799755,88.86982008497122,86.80420787835499,81.91601416758496,61.14640918715217
department,PRODUCE,both,213,25,33,84,1.7132394366197183,1.0,0.5211267605633803,0.7276995305164319,0.10220057092135217,0.045014414815295514,0.029097027402125285,0.0020917391555386818,0.3722474178582161,0.6732307692307692,0.27350427350427353,0.03641571013576644,0.019694919787933807,0.012193086915874235,0.2030208405966006,154.48026366609162,24.76224870591067,180.6496716398612,128.55850798069167,138.63544648602263,83.3542885372375
department,SEAFOOD,mailer_only,239,15,29,53,2.7026359832635984,0.0,0.3472803347280335,0.4100418410041841,0.11281933553905657,0.017913074985615594,0.010196154786837554,0.002082940292096291,0.3395729953575507,,,,,,,,,,,,
department,SEAFOOD-PCKGD,display_only,1134,29,40,65,1.9629453262786605,0.0,0.24603174603174602,0.2874779541446208,0.08378207495399079,0.013023845216168964,0.008211840947899085,0.0017667284884992907,0.18781866315976983,,,,,,,,,,,,
department,SEAFOOD-PCKGD,mailer_only,427,39,45,78,1.620304449648712,0.0,0.20843091334894615,0.2154566744730679,0.08215409605685225,0.011423408638663209,0.006560655941956666,0.0014954100599877545,0.18825898549300843,,,,,,,,,,,,
department,SEAFOOD-PCKGD,both,238,25,39,60,2.70327731092437,0.0,0.31092436974789917,0.3445378151260504,0.13220586835254755,0.016340379764689245,0.0101940974956705,0.002702767517601011,0.21559049925074023,,,,,,,,,,,,
