WEEK_NO,promo_group,pair_weeks,products,stores,total_sales,avg_weekly_sales,sales_incidence_rate,avg_buyer_count,avg_sales_per_visitor,avg_buyer_penetration_rate,avg_basket_share_rate
9,none,7,7,4,19.52,2.7885714285714287,1.0,1.2857142857142858,0.19530844155844157,0.08468614718614718,0.04519375361480625
9,display_only,67,57,16,216.9,3.237313432835821,1.0,1.0597014925373134,0.25051759123960615,0.0798637929234944,0.06466553320222282
9,mailer_only,136,71,16,353.93999999999994,2.6024999999999996,1.0,1.213235294117647,0.20484150469628412,0.09780804367201425,0.07113965897742759
9,both,57,43,14,124.72000000000001,2.1880701754385967,1.0,1.105263157894737,0.15808792377213426,0.0827388255019834,0.05960286522450445
10,none,4,4,2,4.890000000000001,1.2225000000000001,1.0,1.0,0.08096153846153847,0.06334841628959276,0.03416149068322981
10,display_only,198,123,25,411.7699999999999,2.0796464646464643,0.7070707070707071,0.8585858585858586,0.16500793250124798,0.06864006091947268,0.04043453559361886
10,mailer_only,232,131,29,618.86,2.6675,0.7586206896551724,0.8275862068965517,0.20839147744792397,0.06132113006162196,0.035658251151331005
10,both,202,59,26,503.67,2.4934158415841585,0.8465346534653465,0.9851485148514851,0.20270797285368483,0.07996943238279873,0.04784482266151115
11,none,11,9,7,5.359999999999999,0.48727272727272725,0.36363636363636365,0.36363636363636365,0.02794689050786612,0.01850385386970753,0.011412829594647777
11,display_only,272,138,34,455.61999999999995,1.6750735294117645,0.5808823529411765,0.6801470588235294,0.11204465378426177,0.04615218668057854,0.027928435872324468
11,mailer_only,777,292,35,1515.71,1.9507207207207207,0.5482625482625483,0.7001287001287001,0.13134968064946645,0.045701876096692656,0.02622947838333064
11,both,390,133,34,764.0400000000002,1.9590769230769236,0.6230769230769231,0.7666666666666667,0.13380701738698111,0.05182122333222922,0.031546859290621086
12,none,64,32,34,40.379999999999995,0.6309374999999999,0.390625,0.453125,0.04426737751557097,0.032592203636036036,0.01936778271071034
12,display_only,794,302,57,978.7700000000001,1.2327078085642318,0.44584382871536526,0.5113350125944585,0.09675512518264923,0.039674871749035966,0.02388549633167021
12,mailer_only,658,206,56,1410.87,2.1441793313069906,0.5319148936170213,0.6139817629179332,0.15971328685392142,0.04557613967247773,0.026378355050688078
12,both,387,113,55,1003.45,2.592894056847545,0.5943152454780362,0.7157622739018088,0.19782423745068797,0.054001508556558296,0.03301316669910543
13,none,64,31,32,57.4,0.896875,0.46875,0.546875,0.061021733399450794,0.036819410386785704,0.021408555516414875
13,display_only,858,319,58,940.8699999999999,1.0965850815850815,0.3962703962703963,0.4627039627039627,0.07540139903255422,0.03199993660669996,0.0188708731975568
13,mailer_only,1026,278,58,1796.45,1.750925925925926,0.5175438596491229,0.7563352826510721,0.1260070075786725,0.05322061560375393,0.03227900078304865
13,both,537,138,58,791.8000000000001,1.474487895716946,0.49162011173184356,0.590316573556797,0.10427227272086445,0.04071197757066437,0.024284711401592007
14,none,107,53,42,77.22,0.7216822429906542,0.38317757009345793,0.4672897196261682,0.04513284368174551,0.0300394172137903,0.018429289641860712
14,display_only,1158,368,68,1245.6500000000003,1.0756908462867014,0.3955094991364421,0.4749568221070812,0.06657007277256168,0.03017091195472306,0.017782280357971535
14,mailer_only,1511,270,69,2375.3399999999997,1.5720317670416941,0.5234943745863666,0.6730641958967571,0.10464872664887302,0.044382196300937024,0.026646919664198833
14,both,544,142,68,1073.3799999999999,1.9731249999999998,0.5827205882352942,0.7352941176470589,0.12088772102109167,0.045515276123445594,0.02699328817351013
15,none,74,55,29,81.67999999999999,1.1037837837837836,0.4594594594594595,0.5135135135135135,0.06641207012459548,0.02988310349872216,0.016442524605698228
15,display_only,1305,426,77,1656.5300000000009,1.2693716475095793,0.3931034482758621,0.47586206896551725,0.07745212447259156,0.02899345337138473,0.01719913170487366
15,mailer_only,1560,333,77,2682.94,1.7198333333333333,0.4,0.483974358974359,0.10925016877175828,0.03049021875940922,0.018412613080452805
15,both,1132,164,77,3136.1799999999994,2.7704770318021197,0.48674911660777387,0.6466431095406361,0.17788060979327738,0.04088195168343473,0.024368927450499237
16,none,24,18,16,15.120000000000001,0.63,0.3333333333333333,0.375,0.027096220994459685,0.016679289009639636,0.00974992029332058
16,display_only,1119,372,78,1045.17,0.9340214477211797,0.3324396782841823,0.3914209115281501,0.05444491117362717,0.022865205826475953,0.013813418005176822
16,mailer_only,3943,654,86,5115.220000000002,1.2972914024854176,0.37002282525995434,0.4773015470453969,0.07587844645114528,0.02810015672700176,0.016912634658501024
16,both,1330,254,78,1582.9499999999998,1.190187969924812,0.4398496240601504,0.5481203007518797,0.07065522491217811,0.03287228290861216,0.019927917389782994
17,none,88,47,38,74.63,0.8480681818181818,0.32954545454545453,0.3977272727272727,0.05589033885194025,0.024917979200747467,0.015888936385546434
17,display_only,1953,507,83,2136.650000000001,1.0940348182283672,0.3573988735279058,0.45161290322580644,0.060467424168461105,0.024524380324306063,0.014485018457892213
17,mailer_only,1631,358,83,2169.9699999999993,1.3304537093807476,0.3746167995095034,0.44083384426732064,0.07439858548128499,0.024475961244444684,0.014644090620731541
17,both,782,154,82,942.4899999999998,1.2052301790281328,0.4296675191815857,0.5063938618925832,0.06751718447131938,0.02826482968132484,0.016513894324569553
18,none,101,58,35,50.07,0.49574257425742574,0.297029702970297,0.33663366336633666,0.029971771967537992,0.021144484315406668,0.011718761444199964
18,display_only,1702,515,81,1496.3500000000004,0.8791715628672152,0.29553466509988247,0.33431257344300824,0.05233771968153717,0.019548751595230857,0.010879604244231782
18,mailer_only,2197,321,81,3612.5799999999986,1.6443240782885746,0.3950842057350933,0.5402822030040965,0.09831281922669277,0.03272274116669816,0.01873787215995386
18,both,1051,143,81,1214.5099999999998,1.1555756422454804,0.40247383444338725,0.5965746907706946,0.06303411442497611,0.03326277798883124,0.018375929765115248
19,none,112,69,39,34.81,0.31080357142857146,0.20535714285714285,0.24107142857142858,0.01729231333903919,0.013200165143508556,0.00808469416913984
19,display_only,1867,488,81,1848.1200000000008,0.9898875200856994,0.30958757364756295,0.4161756829137654,0.058178548868194485,0.02420087337207953,0.013811837038528346
19,mailer_only,1851,300,81,2965.15,1.601917882225824,0.4051863857374392,0.5991356023770935,0.09329493863097268,0.034631662770518344,0.020006413347882064
19,both,971,154,81,1456.57,1.5000720906282183,0.3820803295571576,0.4685890834191555,0.08973793300155399,0.027391740877639122,0.015909567744573614
20,none,117,68,32,78.23,0.6686324786324787,0.26495726495726496,0.27350427350427353,0.04029427370309327,0.017285615295855827,0.010086200566907002
20,display_only,1943,523,89,1890.890000000001,0.9731806484817298,0.2871847658260422,0.37159032424086463,0.05607893096436309,0.021628287953132493,0.012360497020183308
20,mailer_only,2746,419,90,3455.430000000001,1.258350327749454,0.41733430444282593,0.5626365622723962,0.0764526414383577,0.033699183472896736,0.019780289544390317
20,both,1260,199,88,1966.3600000000001,1.5606031746031748,0.5015873015873016,0.6730158730158731,0.0911468189198321,0.039198753240500726,0.022678894163869767
21,none,158,66,51,112.78,0.7137974683544304,0.33544303797468356,0.41139240506329117,0.03920328659417159,0.02267574769724871,0.012593651478119592
21,display_only,2152,592,83,1827.8800000000006,0.849386617100372,0.2904275092936803,0.35780669144981414,0.05112309167806161,0.021373002207474033,0.012335126796372806
21,mailer_only,1828,308,87,2856.8700000000017,1.5628391684901541,0.3977024070021882,0.5361050328227571,0.09190095325035189,0.03142500315239337,0.018972197893662692
21,both,711,140,82,1060.2299999999998,1.4911814345991559,0.3881856540084388,0.48945147679324896,0.08394805389185873,0.028134693876400305,0.016418928602574264
22,none,175,63,44,132.5,0.7571428571428571,0.28,0.3028571428571429,0.03845457465131215,0.016277137540458887,0.009260493611680843
22,display_only,2219,629,82,1982.980000000001,0.8936367733213163,0.27670121676430826,0.34970707525912575,0.05274420317596615,0.020200882883938454,0.011666107525729873
22,mailer_only,1748,349,86,2192.95,1.2545480549199084,0.34668192219679633,0.43249427917620137,0.07467798948870753,0.024963268748480608,0.014236461423435607
22,both,809,171,81,1148.2,1.4192830655129791,0.40914709517923364,0.5352286773794809,0.08302155320999095,0.030709326510203153,0.017132577056287963
23,none,66,38,28,16.57,0.25106060606060604,0.12121212121212122,0.13636363636363635,0.012803990434074167,0.007991958201288344,0.00423396898470093
23,display_only,1735,526,79,1185.1200000000001,0.6830662824207493,0.2282420749279539,0.2755043227665706,0.04142381029299936,0.017162744070346594,0.01005629947881378
23,mailer_only,3335,514,85,3715.5899999999974,1.1141199400299842,0.34902548725637184,0.5085457271364318,0.06644983524503474,0.02985016326680865,0.017994571685095998
23,both,888,187,79,910.51,1.025349099099099,0.34346846846846846,0.45382882882882886,0.05969556275515059,0.02651282871000362,0.015805885794854597
24,none,138,65,50,108.44,0.7857971014492754,0.2608695652173913,0.3188405797101449,0.0470643683608314,0.018772874400423897,0.010697580277709675
24,display_only,1919,583,85,1815.5200000000007,0.9460760812923401,0.2845231891610214,0.3517457008858781,0.055559124433659915,0.020700629022127288,0.012100442266165017
24,mailer_only,2471,373,89,3485.92,1.4107324969647916,0.3318494536624848,0.4301902063941724,0.08262344376178604,0.024631574564236095,0.014332174407588489
24,both,1317,176,85,2481.8099999999995,1.884441913439635,0.4419134396355353,0.5945330296127562,0.11467436462983127,0.035299165013993064,0.020494289277569345
25,none,148,72,45,76.86000000000001,0.5193243243243244,0.22297297297297297,0.24324324324324326,0.028344835321954132,0.01316909923721069,0.008045966922918667
25,display_only,1461,559,84,1197.03,0.8193223819301848,0.2600958247775496,0.3025325119780972,0.0465798322537971,0.017147566677836866,0.009943375209330375
25,mailer_only,5145,582,87,5765.560000000001,1.1206141885325562,0.28960155490767736,0.39494655004859086,0.06351461885678862,0.022578926358557832,0.013352648234627161
25,both,1592,256,84,2117.35,1.3299937185929647,0.3706030150753769,0.5301507537688442,0.07436011730084444,0.029836890692048236,0.017349184053891773
26,none,87,37,45,32.129999999999995,0.3693103448275862,0.27586206896551724,0.2988505747126437,0.023263716786235768,0.018581230937430065,0.010592799133981312
26,display_only,1854,541,79,1441.3400000000001,0.7774217907227616,0.24110032362459546,0.28748651564185546,0.04786735327002774,0.017599867006615335,0.010368523442282996
26,mailer_only,3068,508,84,2807.7500000000005,0.9151727509778359,0.30867014341590615,0.3767926988265971,0.05368266054273287,0.02158271102508935,0.012786690756716212
26,both,943,197,78,1180.84,1.2522163308589607,0.3425238600212089,0.43478260869565216,0.07217398628487365,0.02506579106489006,0.015547950060348618
27,none,241,52,54,102.24999999999999,0.42427385892116176,0.27385892116182575,0.3070539419087137,0.023499151045979272,0.0173386834094926,0.010288324670993932
27,display_only,2143,589,81,1727.5000000000002,0.8061129258049464,0.2599160055996267,0.32337844143723754,0.04464637377110623,0.01850324623927642,0.010717313283236276
27,mailer_only,2378,414,82,2543.3700000000003,1.069541631623213,0.2910008410428932,0.3595458368376787,0.0630475358225909,0.021067605442532195,0.012068523999003728
27,both,915,191,81,921.5799999999999,1.007191256830601,0.38907103825136613,0.5191256830601093,0.0559683256147077,0.028826704603532146,0.01703439696655347
28,none,240,56,54,100.66000000000001,0.4194166666666667,0.23333333333333334,0.2708333333333333,0.022592641500650244,0.014918588265406723,0.008526157953088807
28,display_only,2254,620,81,1743.71,0.7736069210292813,0.24134871339840283,0.28172138420585624,0.04422221239881144,0.01620169866563072,0.009886063921628373
28,mailer_only,2801,462,82,2276.169999999999,0.8126276329882182,0.24634059264548375,0.29096751160299894,0.04762853290082006,0.016963026411075333,0.010101803931763296
28,both,1144,202,81,1242.8299999999997,1.0863898601398598,0.3269230769230769,0.41346153846153844,0.06603997324430509,0.024692776748863637,0.015107978586273692
29,none,203,47,50,85.33999999999999,0.4203940886699507,0.3103448275862069,0.35960591133004927,0.024381447964289753,0.02036110017788131,0.011117752101378841
29,display_only,1890,642,89,1368.3400000000001,0.7239894179894181,0.2417989417989418,0.27936507936507937,0.043450806429080946,0.016288951852452986,0.009338810190296127
29,mailer_only,3285,506,91,4519.759999999998,1.3758782343987819,0.32207001522070017,0.4377473363774734,0.08325751846055905,0.025996309579882474,0.015737454746419938
29,both,1408,227,88,1792.0200000000002,1.2727414772727275,0.38707386363636365,0.5220170454545454,0.07254870750784563,0.02927348145757729,0.017921383211790116
30,none,94,40,38,36.31999999999999,0.38638297872340416,0.23404255319148937,0.2765957446808511,0.022114930748609363,0.01845290487787688,0.010176249219947137
30,display_only,1998,610,82,1738.1200000000003,0.8699299299299301,0.25475475475475473,0.3148148148148148,0.04844046734240181,0.017888651317302134,0.010810045529838708
30,mailer_only,2656,469,84,2400.8399999999997,0.9039307228915662,0.28125,0.3930722891566265,0.05126455802431466,0.022518824805050183,0.013532714363741462
30,both,1263,199,82,2099.5199999999995,1.6623277909738714,0.342042755344418,0.43942992874109266,0.09946651833702025,0.025414953881421693,0.015951931475580557
31,none,117,51,39,46.81999999999999,0.4001709401709401,0.26495726495726496,0.28205128205128205,0.02262795143920757,0.0170334277602485,0.00956357322216321
31,display_only,2164,653,80,1601.7,0.7401571164510167,0.2268946395563771,0.26709796672828096,0.045845094946476796,0.016146613413633326,0.009336001416940175
31,mailer_only,2869,448,85,3483.6699999999996,1.2142453816660856,0.32241199024050193,0.44614848379226213,0.0725130308681903,0.026692924830371494,0.016467272881454643
31,both,946,190,80,885.25,0.9357822410147991,0.34460887949260044,0.4513742071881607,0.055495840249808186,0.026930872845328892,0.016214177263456482
32,none,171,60,42,91.93999999999998,0.5376608187134502,0.2631578947368421,0.3157894736842105,0.0306669924839449,0.018737895494926382,0.010421984445256606
32,display_only,1657,598,78,1091.44,0.6586843693421847,0.20941460470730236,0.26433313216656606,0.03692112681792875,0.015085734502729254,0.00866580778061819
32,mailer_only,2792,463,80,2490.190000000001,0.8919018624641837,0.24570200573065903,0.29656160458452724,0.04896735213757608,0.01631602828326548,0.009868073896839786
32,both,1349,229,78,1359.4700000000005,1.0077613046701264,0.34544106745737585,0.4477390659747961,0.058467073650356506,0.025866447676909793,0.015121874973363104
33,none,129,47,46,70.94,0.549922480620155,0.20930232558139536,0.27906976744186046,0.02852004007984499,0.014400571448292458,0.008815093834002148
33,display_only,2097,638,83,1707.0800000000008,0.8140581783500243,0.25512637100619934,0.3104434907010014,0.046085740537760905,0.017793080058101325,0.010554549441868295
33,mailer_only,2756,463,85,3407.11,1.2362518142235124,0.3189404934687954,0.4285195936139332,0.07186662434686866,0.024731934243807232,0.014707704625643666
33,both,1062,193,81,1332.48,1.2546892655367232,0.3474576271186441,0.4293785310734463,0.06948737801931978,0.023926372884335943,0.013912123990825082
34,none,183,61,47,89.06,0.4866666666666667,0.28415300546448086,0.31693989071038253,0.027716551825710332,0.018001205384354003,0.01055702780248051
34,display_only,1823,618,79,1380.2000000000003,0.7571036752605597,0.22161272627537026,0.27317608337904553,0.04324586389464143,0.01597986138449579,0.009444452847404564
34,mailer_only,2879,500,85,3141.7399999999993,1.091260854463355,0.2782216047238624,0.41299062174366097,0.06415592118830296,0.02431742872414114,0.015068780768109033
34,both,1118,189,79,2051.82,1.8352593917710198,0.36404293381037567,0.46958855098389984,0.11666058203714418,0.027254715016683174,0.016929927543213003
35,none,85,49,32,36.4,0.42823529411764705,0.24705882352941178,0.24705882352941178,0.02839666773132686,0.016089439802905163,0.010085396568097923
35,display_only,1762,606,79,1210.8100000000002,0.6871793416572078,0.23609534619750283,0.2792281498297389,0.0386352524313914,0.01610174028925744,0.009475054027925598
35,mailer_only,3925,509,82,3648.3000000000006,0.929503184713376,0.2789808917197452,0.36560509554140125,0.054055616757931614,0.021176619652386798,0.013127703379353834
35,both,1208,195,79,1075.4799999999998,0.890298013245033,0.304635761589404,0.38576158940397354,0.05201668827103017,0.02167820826724347,0.01304614710814041
36,none,51,33,27,17.81,0.3492156862745098,0.17647058823529413,0.23529411764705882,0.017400832709016854,0.012956396875834216,0.0075531883013587086
36,display_only,1757,615,82,1460.2700000000002,0.8311155378486057,0.22709163346613545,0.28742174160500855,0.044651594789699094,0.015742194735767084,0.009176863016715086
36,mailer_only,2926,383,87,2311.46,0.7899726589200273,0.24504442925495556,0.2983595352016405,0.04270393568651917,0.015962697463773292,0.009660144917612464
36,both,1313,154,82,1435.5799999999995,1.0933587204874329,0.3480578827113481,0.4676313785224676,0.06210054990503523,0.02659270217799399,0.015694864876063884
37,none,221,65,47,99.97999999999999,0.45239819004524884,0.2579185520361991,0.29411764705882354,0.02431871051821281,0.015407041712653545,0.008445146467522818
37,display_only,1943,567,78,1574.6799999999998,0.8104374678332474,0.244981986618631,0.2974781266083376,0.04918844365357577,0.017966935959372664,0.010555034142973966
37,mailer_only,3102,441,84,3574.1699999999983,1.152214700193423,0.3217279174725983,0.4435847840103159,0.06688688352187061,0.02552566888018983,0.015434474379503892
37,both,719,154,78,690.1799999999998,0.9599165507649511,0.3560500695410292,0.45479833101529904,0.055184828777173366,0.02597101875040908,0.014870286006510993
38,none,219,62,51,136.66,0.6240182648401826,0.2968036529680365,0.3561643835616438,0.04047380826264455,0.023245564041921504,0.012535804508815779
38,display_only,2068,595,87,1621.6900000000005,0.7841827852998068,0.27321083172147004,0.33994197292069633,0.05005143642292447,0.022124257608392175,0.012674973573504401
38,mailer_only,3036,403,91,4037.010000000001,1.3297134387351783,0.34057971014492755,0.5184453227931489,0.08460499993017191,0.032808490295446344,0.02001605555737371
38,both,794,151,84,939.6799999999998,1.183476070528967,0.380352644836272,0.48866498740554154,0.07281942026183487,0.03110923729570475,0.0193140723350641
39,none,120,66,42,40.53,0.33775,0.175,0.19166666666666668,0.01882836971249039,0.009895084293943495,0.00602931160423082
39,display_only,1610,540,82,1150.1699999999998,0.7143913043478259,0.22981366459627328,0.2677018633540373,0.04037135431053826,0.015787142212657475,0.009641864628518355
39,mailer_only,4085,537,84,3632.56,0.8892435740514075,0.2690330477356181,0.35201958384332926,0.05020698631120115,0.02001271189580681,0.012198771692897178
39,both,1538,224,82,1860.8599999999997,1.2099219765929776,0.32184655396618983,0.4304291287386216,0.06967691311448784,0.024916933878777383,0.014868917782690935
40,none,107,62,38,22.83,0.2133644859813084,0.11214953271028037,0.11214953271028037,0.012651760668321967,0.006408293008073107,0.0035551757725408605
40,display_only,1725,587,74,1618.1,0.9380289855072463,0.25333333333333335,0.3171014492753623,0.05165348176363869,0.017942638784067464,0.010386306224113517
40,mailer_only,3294,463,79,2437.16,0.7398785670916818,0.22374013357619915,0.27200971463266543,0.041591133455312033,0.015335847468548788,0.009167559273602896
40,both,1261,189,74,1439.2499999999995,1.1413560666137983,0.36399682791435367,0.48770816812053924,0.06901202792885852,0.02873125303599551,0.017041031153756513
41,none,192,75,50,72.82,0.3792708333333333,0.171875,0.203125,0.02124538247442447,0.011729364375573694,0.006969451169769599
41,display_only,2177,634,86,1802.020000000001,0.8277537896187418,0.23702342673403767,0.2847955902618282,0.045484107759148566,0.016126645628055533,0.009171673183883603
41,mailer_only,4132,562,88,3694.939999999999,0.8942255566311711,0.24031945788964182,0.2807357212003872,0.052550869083406455,0.016350013312614518,0.009380438370918398
41,both,1780,249,86,1774.2799999999988,0.9967865168539319,0.3556179775280899,0.44269662921348313,0.05776754640997673,0.025394767857334546,0.014902819065810497
42,none,200,79,50,128.74,0.6437,0.245,0.285,0.036297717804277194,0.016565678474691523,0.009909225651950324
42,display_only,2282,692,84,1940.9000000000008,0.8505258545135849,0.26205083260297984,0.30762489044697633,0.05123774486697071,0.018961760855706486,0.011623531417810879
42,mailer_only,2847,500,89,3877.5199999999995,1.3619669827889005,0.3621355813136635,0.5086055497014401,0.07858194692813325,0.029027028027583387,0.0182828995795448
42,both,1242,206,84,1494.58,1.203365539452496,0.37922705314009664,0.5144927536231884,0.07262563295695953,0.030397073394935456,0.01878848556352071
43,none,139,62,45,64.5,0.46402877697841727,0.2014388489208633,0.2302158273381295,0.027517550626123967,0.013490133069653888,0.008260319985316468
43,display_only,1915,643,84,1627.7599999999998,0.8500052219321148,0.24595300261096606,0.3023498694516971,0.05023742349877565,0.018170305205012807,0.011101446069748265
43,mailer_only,4646,612,88,3282.9100000000008,0.7066099870856652,0.2356866121394748,0.27270770555316404,0.040902129064241496,0.01569881689744822,0.0095250938282221
43,both,1786,269,84,1562.67,0.8749552071668534,0.2894736842105263,0.34546472564389696,0.052682063546453155,0.02080505526204484,0.012462088251600244
44,none,239,97,52,156.57,0.6551046025104602,0.28451882845188287,0.3179916317991632,0.02998025321299466,0.015253750513200043,0.008576646453090735
44,display_only,2682,717,87,1993.7600000000007,0.7433855331841912,0.25093214019388516,0.30089485458612975,0.041904706224241424,0.0177634566133663,0.01020347910426985
44,mailer_only,2861,461,87,3586.2999999999993,1.2535127577770009,0.3121286263544215,0.4432016777350577,0.0726758217859509,0.0260058266492236,0.015719673339509518
44,both,1259,230,87,1214.46,0.9646227164416203,0.329626687847498,0.40587768069896746,0.05641249040093644,0.023606237029645986,0.013619394146155503
45,none,112,53,47,47.55,0.4245535714285714,0.16964285714285715,0.20535714285714285,0.019998599537502403,0.011021434291419916,0.006780244251872423
45,display_only,2697,716,83,1745.63,0.6472487949573601,0.21764923989618093,0.25806451612903225,0.03637744666945445,0.014723905442178572,0.00897008983823929
45,mailer_only,3191,547,83,3081.05,0.9655437167032279,0.2469445314948292,0.29238483234095897,0.05682736923435926,0.016894584334864786,0.0104175067788432
45,both,1487,248,83,1899.3500000000004,1.277303295225286,0.3261600537995965,0.4129119031607263,0.074975236798273,0.024330549391711427,0.015354696641445953
46,none,142,67,44,70.82,0.49873239436619715,0.2605633802816901,0.3028169014084507,0.025714706268237204,0.01641446815731689,0.009965354165551651
46,display_only,2424,715,87,1982.9800000000005,0.8180610561056108,0.2623762376237624,0.31064356435643564,0.04553053184660988,0.017313447448192427,0.009646616049756187
46,mailer_only,3344,531,89,4088.09,1.22251495215311,0.3035287081339713,0.37948564593301437,0.07269815230570084,0.0219821506869294,0.01309306939953816
46,both,1702,225,87,2945.26,1.730470035252644,0.3836662749706228,0.5246768507638073,0.09719809077536433,0.029201673949552167,0.01690108286457652
47,none,107,76,33,73.03,0.6825233644859813,0.27102803738317754,0.32710280373831774,0.02947361678363838,0.014668884958508346,0.009557666601314957
47,display_only,2544,730,83,1794.0700000000002,0.7052161949685535,0.2169811320754717,0.25275157232704404,0.03950209206669577,0.014563324286438547,0.008616366862129904
47,mailer_only,2976,402,86,4345.169999999996,1.4600705645161278,0.3521505376344086,0.5745967741935484,0.08727266139060746,0.033801987158650675,0.0208523911215268
47,both,890,152,82,1141.5600000000002,1.2826516853932586,0.3539325842696629,0.4898876404494382,0.07084016996234718,0.02775469020931306,0.017009524631793525
48,none,159,77,42,56.71,0.3566666666666667,0.24528301886792453,0.27044025157232704,0.016538584674784494,0.013538479310471918,0.008325234926353486
48,display_only,2375,698,85,1632.3100000000006,0.6872884210526319,0.21178947368421053,0.2673684210526316,0.03890601798190474,0.01513276063904095,0.009137447138036058
48,mailer_only,2878,470,89,2795.3099999999995,0.9712682418346071,0.26094510076441974,0.3033356497567755,0.055407090642507456,0.016601884055145216,0.010236212538905502
48,both,1434,212,84,1716.3299999999997,1.1968828451882843,0.296373779637378,0.3807531380753138,0.07159252554088284,0.022513258808921893,0.01398327846046992
49,none,169,82,40,71.81,0.4249112426035503,0.24260355029585798,0.27218934911242604,0.02191140972157523,0.014074403197108204,0.008002034232492078
49,display_only,2217,657,83,1526.4900000000002,0.6885385656292288,0.22868741542625168,0.2647722147045557,0.03986140640629533,0.015090688261382344,0.0089201289387696
49,mailer_only,4164,525,84,4304.920000000001,1.0338424591738715,0.30643611911623436,0.4243515850144092,0.05741114249988183,0.023740420728008374,0.014860626689589634
49,both,1721,268,83,1505.1100000000001,0.8745554909936084,0.35037768739105174,0.4491574665891923,0.04783360228973516,0.024523507041945863,0.014975352094659127
50,none,124,57,39,82.67999999999999,0.6667741935483871,0.29838709677419356,0.33064516129032256,0.031232314433045985,0.015710898784983284,0.00975251087744596
50,display_only,2522,694,84,1872.1400000000006,0.7423235527359241,0.23711340206185566,0.28786677240285485,0.041343844946382574,0.0161056746040589,0.009927696727536683
50,mailer_only,3011,533,86,3473.4299999999994,1.153580205911657,0.28894055131185653,0.356360013284623,0.06376567385689492,0.019440033902277862,0.012002339981696981
50,both,1179,214,83,1753.3199999999995,1.4871246819338417,0.3748939779474131,0.5063613231552163,0.08314577983303909,0.02846368546074314,0.017847746201159413
51,none,158,73,42,75.9,0.4803797468354431,0.21518987341772153,0.23417721518987342,0.023055700531304287,0.011784959888836932,0.006888085491950705
51,display_only,2100,711,85,1627.6999999999998,0.7750952380952381,0.23857142857142857,0.2785714285714286,0.04505976876009079,0.016517857977731202,0.00978929228498583
51,mailer_only,3976,519,85,4481.700000000001,1.127188128772636,0.29728370221327965,0.4074446680080483,0.06581837959532322,0.023521381221522135,0.014214006742876812
51,both,1594,242,84,1523.7499999999995,0.9559284818067751,0.3136762860727729,0.41468005018820575,0.05487105305896467,0.023837564073052746,0.013970683034777593
52,none,186,88,43,114.14999999999998,0.6137096774193547,0.25268817204301075,0.3010752688172043,0.03063143407472265,0.015248061374762206,0.009122738922209444
52,display_only,2329,709,82,1729.8500000000001,0.7427436668097896,0.2421640188922284,0.3044224989265779,0.04102927939511691,0.017310201857818387,0.010641652272746077
52,mailer_only,2554,472,85,3250.9399999999996,1.2728817541111979,0.3163664839467502,0.4068128425998434,0.07191546308887255,0.02297585071667696,0.013405757619192472
52,both,1370,197,82,2171.6899999999996,1.5851751824817515,0.34817518248175183,0.45985401459854014,0.09216773949352518,0.025892886126411573,0.01586424117836539
53,none,164,79,44,109.98000000000002,0.6706097560975611,0.29878048780487804,0.3902439024390244,0.03606882177840312,0.020725890476614134,0.012457353007088563
53,display_only,2270,631,81,1522.7200000000007,0.6708017621145378,0.23832599118942732,0.2806167400881057,0.040312668615780714,0.01670311523312181,0.010105196519833378
53,mailer_only,4297,655,83,4515.620000000001,1.0508773562950897,0.3057947405166395,0.41866418431463814,0.06187905936542343,0.024303657792493154,0.01549218449960501
53,both,1443,276,81,1049.29,0.7271586971586972,0.2910602910602911,0.35343035343035345,0.04267154331450936,0.02091396019638916,0.012833828030920438
54,none,129,78,35,85.34,0.6615503875968992,0.3023255813953488,0.3488372093023256,0.03338206097657436,0.01813399787554566,0.010500744651883808
54,display_only,2115,672,81,1569.1100000000001,0.7418959810874705,0.24397163120567375,0.3011820330969267,0.03930452128013976,0.016206475566387768,0.009614099626356749
54,mailer_only,3011,514,81,3589.6100000000015,1.1921653935569583,0.2783128528727997,0.34573231484556627,0.06566183339421684,0.019150114754021026,0.011393591349540077
54,both,1506,219,80,1334.869999999999,0.8863678618857895,0.3280212483399734,0.41301460823373176,0.048950635678096516,0.023104870736002613,0.013588339380817611
55,none,112,84,32,81.10000000000001,0.724107142857143,0.30357142857142855,0.3392857142857143,0.03638384606784755,0.01746987289975044,0.009173284133281376
55,display_only,2275,689,87,1502.4500000000007,0.6604175824175827,0.22285714285714286,0.2672527472527473,0.038876180327450875,0.01585556908319462,0.009564590610616203
55,mailer_only,3893,518,87,4488.420000000001,1.152946313896738,0.33341895710249164,0.46442332391471874,0.06686499364103174,0.02670014381171198,0.01616041326781205
55,both,1430,231,87,1579.3899999999999,1.1044685314685314,0.34895104895104895,0.4699300699300699,0.06703241871514481,0.027808902213587287,0.016844899774467972
56,none,106,68,30,55.66,0.5250943396226415,0.29245283018867924,0.33962264150943394,0.03187921404522155,0.020004765679244384,0.009857950729882433
56,display_only,2072,662,85,1599.8100000000002,0.7721090733590734,0.22152509652509653,0.26496138996138996,0.04203880742095095,0.014783664685446313,0.008958866763451274
56,mailer_only,3083,510,89,2560.0199999999995,0.8303665261109308,0.2510541680181641,0.3068439831333117,0.04648512417002089,0.017331231645920674,0.010442534338865708
56,both,1798,222,85,2658.779999999999,1.4787430478309227,0.3870967741935484,0.5367074527252503,0.08534816626380548,0.030824521630605648,0.019462761841857308
57,none,145,60,45,80.59,0.5557931034482759,0.2689655172413793,0.33793103448275863,0.029033577862515196,0.01725233919739391,0.009130454736061574
57,display_only,2308,692,80,1541.0200000000002,0.6676863084922011,0.20883882149046792,0.2391681109185442,0.03850121841179426,0.013831540525528936,0.007914136051989802
57,mailer_only,4477,459,80,3591.8099999999977,0.8022805450078172,0.2642394460576279,0.3334822425731517,0.04709870963414781,0.019377097242151517,0.011221762471166897
57,both,1527,223,79,1338.8699999999994,0.876797642436149,0.3333333333333333,0.44335297969875576,0.0480039619029255,0.024837098620091362,0.014642223333962371
58,none,217,62,49,123.38,0.5685714285714285,0.2534562211981567,0.28110599078341014,0.030024029500686042,0.014924187488193007,0.008827826998341757
58,display_only,2299,664,82,1560.19,0.6786385384949979,0.2192257503262288,0.25793823401478905,0.03707629449413565,0.01457386831582979,0.008830489211088175
58,mailer_only,4531,650,82,3219.8099999999995,0.7106179651291105,0.2491723681306555,0.3098653718825866,0.04061697205056699,0.01740671310279151,0.010686562168594996
58,both,1711,292,82,1432.7399999999998,0.8373699590882524,0.3337229690239626,0.4102863822326125,0.04984646664995194,0.02403267809777681,0.014579512602325382
59,none,423,88,57,229.85000000000002,0.5433806146572104,0.28368794326241137,0.33569739952718675,0.028468453632022606,0.017517413626875068,0.010156921554468146
59,display_only,2672,768,91,2025.1099999999997,0.7579004491017963,0.25,0.29229041916167664,0.04127064527525366,0.0166276524253902,0.010046125382689224
59,mailer_only,3150,417,91,4286.489999999998,1.3607904761904754,0.3368253968253968,0.4812698412698413,0.07495237672498406,0.026244614826751507,0.01639750327858015
59,both,1184,189,91,1330.2999999999993,1.1235641891891885,0.37246621621621623,0.5253378378378378,0.06078263715590779,0.02887320708071261,0.017539196180803053
60,none,318,73,51,153.98999999999998,0.4842452830188679,0.19811320754716982,0.24213836477987422,0.025128380847317135,0.012131502314437879,0.007203524829899455
60,display_only,2462,744,83,1833.25,0.7446181965881398,0.23436230706742486,0.2867587327376117,0.038606190568220754,0.015681563749156833,0.009220853249367887
60,mailer_only,2677,470,85,4275.51,1.5971273813970863,0.307807246918192,0.47777362719462085,0.08637070441967179,0.025603151970262257,0.015428641852716876
60,both,1184,184,83,1719.45,1.4522381756756757,0.3032094594594595,0.36993243243243246,0.07733080051633533,0.019724310211543798,0.011638615959644777
61,none,206,93,54,90.39000000000001,0.43878640776699035,0.21844660194174756,0.22815533980582525,0.022201384833175374,0.01193868549109,0.0061834116269750185
61,display_only,2413,729,88,1625.8400000000006,0.6737836717778701,0.21840033153750518,0.2602569415665147,0.0375800080055429,0.015012894774910326,0.00881745739135725
61,mailer_only,4130,553,89,4640.3099999999995,1.1235617433414042,0.31404358353510897,0.43559322033898307,0.06413161242492119,0.024629328706826336,0.014654662693425653
61,both,1464,288,88,1151.5599999999997,0.7865846994535517,0.3005464480874317,0.3476775956284153,0.04292814741096402,0.019469870949636214,0.01144592355134065
62,none,250,110,61,83.02000000000001,0.33208000000000004,0.172,0.196,0.019433483582350454,0.011810762245437168,0.0067878433941873486
62,display_only,2606,771,89,1930.4700000000003,0.7407789716039909,0.2175748273215656,0.2528779739063699,0.04030207213034075,0.014179673013121527,0.00868562093523342
62,mailer_only,2377,413,92,3372.9300000000003,1.418986116954144,0.30710980227177115,0.41396718552797646,0.0796677661085076,0.023049345795754534,0.013768527491718925
62,both,1514,191,89,3159.709999999998,2.086994715984147,0.39365918097754293,0.5990752972258917,0.12170202707063014,0.03462539588398351,0.021484143242863334
63,none,86,66,34,41.660000000000004,0.4844186046511628,0.2441860465116279,0.27906976744186046,0.021465926595612972,0.01204514124030591,0.007379052057927386
63,display_only,1830,625,88,1476.6400000000003,0.8069071038251368,0.21967213114754097,0.26010928961748636,0.042274355354200766,0.014215730222447001,0.008348692610712168
63,mailer_only,6489,893,88,6446.620000000003,0.9934689474495304,0.27384805054707967,0.36662043458159965,0.05493770606181064,0.020138058562830505,0.011848976734788137
63,both,1865,331,88,1682.4899999999998,0.9021394101876674,0.3088471849865952,0.40911528150134047,0.05037677739930741,0.022864541914814455,0.01330372866162073
64,none,162,96,40,126.02,0.7779012345679012,0.2839506172839506,0.32098765432098764,0.04686232422724297,0.019195531042077527,0.011733163178285223
64,display_only,2454,722,83,2026.4900000000007,0.8257905460472701,0.24612876935615322,0.29380603096984514,0.04659854668031063,0.016525918522760436,0.009900580344865679
64,mailer_only,3639,571,83,3930.289999999999,1.080046716130805,0.28744160483649356,0.3696070348996977,0.058104831683403614,0.019707550913015407,0.011765381415603212
64,both,1278,219,83,1398.4699999999998,1.0942644757433488,0.3286384976525822,0.4061032863849765,0.06067565751050781,0.02259347858181286,0.013720426322145709
65,none,108,82,30,44.95,0.41620370370370374,0.19444444444444445,0.19444444444444445,0.017308256429352367,0.008698491504864054,0.0048381124297174494
65,display_only,2251,694,76,1437.7800000000009,0.6387294535761887,0.22301199466903598,0.27232341181697023,0.03370966714474577,0.014991479305175645,0.00927306187604033
65,mailer_only,3251,425,87,4211.380000000001,1.2954106428791143,0.32051676407259305,0.4543217471547216,0.07111128195326305,0.024795490925354897,0.015195003172303278
65,both,900,187,75,816.66,0.9074,0.30333333333333334,0.37333333333333335,0.05037607089000981,0.020824338318174054,0.012599259813983299
66,none,205,109,48,116.91,0.5702926829268292,0.22439024390243903,0.24878048780487805,0.029216300193486637,0.012859871497044094,0.007873081910115553
66,display_only,2108,671,80,1210.1699999999996,0.5740844402277038,0.20066413662239088,0.23434535104364326,0.0320475568284835,0.013220293269123471,0.007498726989285262
66,mailer_only,4126,529,80,3787.55,0.9179714008725158,0.3031992244304411,0.4408628211342705,0.05353696431820912,0.02543078635752882,0.015251186858820957
66,both,1628,251,80,1340.2799999999997,0.8232678132678131,0.31203931203931207,0.3931203931203931,0.04378694954931782,0.021491971990585564,0.012463362965681395
67,none,117,83,36,43.35999999999999,0.3705982905982905,0.17094017094017094,0.19658119658119658,0.021644000404814224,0.011162934984005219,0.007459253983620849
67,display_only,2026,653,84,1615.9099999999999,0.7975863770977294,0.25222112537018754,0.30750246791707797,0.04270752626763228,0.016683014938230913,0.009902184785383576
67,mailer_only,3659,547,84,4158.070000000001,1.1363951899426075,0.27521180650450944,0.345722875102487,0.06165952902490039,0.01865685590205245,0.011159737113846829
67,both,1682,234,84,3219.7699999999986,1.9142508917954808,0.3697978596908442,0.5178359096313913,0.11019000025851962,0.0289797594402749,0.01783034241225799
68,none,106,81,34,60.78,0.5733962264150944,0.22641509433962265,0.24528301886792453,0.028409273147611793,0.012848451331675855,0.0074162488349991664
68,display_only,1738,573,92,1354.9700000000005,0.7796144994246262,0.24568469505178367,0.2802071346375144,0.042682616564059715,0.015591034543961718,0.008689105295636212
68,mailer_only,7336,938,92,7068.800000000005,0.9635768811341336,0.2584514721919302,0.3251090512540894,0.053681364998052206,0.01792610286486876,0.010158955731083741
68,both,2086,385,92,2272.249999999999,1.0892857142857137,0.34276126558005754,0.4395973154362416,0.06046451080686201,0.024008435498395084,0.01406520152326416
69,none,197,125,46,118.26000000000002,0.6003045685279189,0.2233502538071066,0.26903553299492383,0.02805478880218861,0.01372147144151401,0.00820322830309292
69,display_only,2755,783,83,2084.9700000000003,0.7567949183303087,0.24791288566243194,0.2969147005444646,0.04152640871858367,0.016705506957342815,0.009693452392982792
69,mailer_only,2389,397,83,2704.1100000000006,1.1319003767266642,0.274173294265383,0.33151946421096695,0.06447551224227603,0.018643051497584336,0.010977319991885226
69,both,856,161,83,1472.5000000000002,1.720210280373832,0.411214953271028,0.5759345794392523,0.10018820108197563,0.03284436995276562,0.019326060972289064
70,none,153,96,40,81.4,0.5320261437908497,0.19607843137254902,0.24183006535947713,0.024916434729518853,0.0115317688749444,0.005919636809959919
70,display_only,2632,772,84,1725.9400000000003,0.6557522796352585,0.23252279635258358,0.26443768996960487,0.037892637432142204,0.01565552908731797,0.009355648502002396
70,mailer_only,2776,436,85,3382.3500000000004,1.2184257925072048,0.32744956772334294,0.44812680115273773,0.070085810317719,0.02604177289409605,0.015988846423223558
70,both,969,189,84,876.4000000000001,0.9044375644994841,0.3560371517027864,0.47368421052631576,0.053205999798591155,0.02728636406995356,0.01680040547783093
71,none,163,83,41,143.06,0.8776687116564418,0.25766871165644173,0.3803680981595092,0.043107021277697395,0.018462629479064935,0.01122151961944062
71,display_only,2214,722,88,1455.2799999999997,0.657308039747064,0.2104787714543812,0.2601626016260163,0.036721425243175614,0.01475919094772338,0.009069695999509927
71,mailer_only,3978,624,89,2855.6299999999997,0.7178557063851181,0.23655103066867772,0.277526395173454,0.0402623680049307,0.01557370560630437,0.00943940445365787
71,both,1738,254,88,1537.7199999999993,0.8847640966628305,0.3273878020713464,0.4090909090909091,0.05089242774787651,0.02374365198823097,0.015055004922164906
72,none,249,108,60,161.26999999999998,0.6476706827309237,0.23293172690763053,0.26506024096385544,0.03617943762233001,0.014531750824440096,0.007537031025305841
72,display_only,2849,761,92,2413.850000000001,0.8472621972621975,0.2930852930852931,0.35837135837135836,0.04706946107303815,0.02000819180772394,0.011687691869788169
72,mailer_only,3403,466,92,4572.039999999999,1.3435321774904494,0.341169556273876,0.4784014105201293,0.07747762073697327,0.027403762686969,0.016434611738813512
72,both,1434,228,92,1554.93,1.0843305439330544,0.3702928870292887,0.4700139470013947,0.061684528787568964,0.026830835602963298,0.01594072522969108
73,none,189,106,53,135.79,0.7184656084656085,0.30158730158730157,0.3386243386243386,0.03563608062313379,0.01674282588130049,0.01023428450202214
73,display_only,2332,711,85,2060.0800000000004,0.8833962264150945,0.26500857632933106,0.32847341337907376,0.04668397179967756,0.017846137038389144,0.010749212025634561
73,mailer_only,4593,539,85,4413.37,0.9608904855214456,0.28369257565861095,0.3481384715871979,0.05119125299510931,0.01866123637359232,0.011312024040385062
73,both,1336,235,85,1244.5099999999995,0.931519461077844,0.3278443113772455,0.4094311377245509,0.04996376715052609,0.022430323853193723,0.014064062155200615
74,none,202,87,53,115.5,0.5717821782178217,0.2079207920792079,0.2524752475247525,0.027138906885454485,0.011853433815096452,0.0071412174284481746
74,display_only,2084,695,82,1364.73,0.6548608445297505,0.22216890595009597,0.2648752399232246,0.036135861200202055,0.015139555492567673,0.008855397688827866
74,mailer_only,3512,438,84,4028.6899999999987,1.1471212984054666,0.3180523917995444,0.5017084282460137,0.06331817604096125,0.02758115463334595,0.017165168672136185
74,both,1302,187,82,1168.3600000000001,0.8973579109062981,0.3717357910906298,0.4815668202764977,0.051976823662726754,0.02760391205533779,0.016747325313311974
75,none,262,116,59,169.27,0.6460687022900764,0.2595419847328244,0.29770992366412213,0.03503449579551363,0.01619378289915367,0.009467713484951255
75,display_only,2192,700,83,1815.3500000000004,0.8281706204379564,0.2545620437956204,0.3001824817518248,0.04370767108873785,0.016653118848874476,0.009928249670688796
75,mailer_only,4186,487,83,3881.86,0.9273435260391782,0.25035833731485907,0.30339225991399904,0.05179617197448296,0.01677193301881869,0.010197208266700675
75,both,1251,189,83,986.3399999999997,0.7884412470023978,0.2869704236610711,0.32454036770583533,0.043717604756086104,0.018284595159600524,0.011197039999094749
76,none,142,82,44,47.28999999999999,0.33302816901408444,0.1619718309859155,0.176056338028169,0.017859399034074193,0.009765545203988826,0.006418985743099146
76,display_only,2051,666,85,1520.1900000000003,0.7411945392491469,0.2354948805460751,0.2623110677718186,0.04180420032791834,0.014897515519265582,0.009133937112513684
76,mailer_only,3712,566,87,4105.799999999998,1.106088362068965,0.2645474137931034,0.32677801724137934,0.06388463176746555,0.018709619344342156,0.011280692134883512
76,both,1488,250,84,2625.039999999999,1.764139784946236,0.4025537634408602,0.5362903225806451,0.09882048704456338,0.030171872305003053,0.018719137643669323
77,none,101,52,43,70.71000000000001,0.7000990099009902,0.25742574257425743,0.2871287128712871,0.032556551775110236,0.013424690586064303,0.007703313783211975
77,display_only,1535,535,85,1193.8300000000002,0.7777394136807818,0.24039087947882737,0.2807817589576547,0.04149163023701257,0.015122176380613733,0.00898809887337402
77,mailer_only,6923,923,86,6793.160000000007,0.9812451249458337,0.2685252058356204,0.3739708218980211,0.05407727217107886,0.02053065327282966,0.012658576469721666
77,both,1597,333,85,2030.7600000000011,1.2716092673763313,0.3706950532247965,0.4834063869755792,0.07113511007254288,0.026904681808262353,0.016186728183250787
78,none,130,91,41,76.32000000000001,0.5870769230769232,0.2076923076923077,0.23846153846153847,0.034247537563813754,0.01355183154188611,0.008241330097633717
78,display_only,2401,692,87,1960.9200000000005,0.8167097042898794,0.26613910870470636,0.31486880466472306,0.047687353740761926,0.018698778451692728,0.011126673617456175
78,mailer_only,2503,410,87,2696.2499999999995,1.0772073511785856,0.27606871753895323,0.3439872153415901,0.06351809026693224,0.020156828747644927,0.0122089063699624
78,both,638,131,86,972.36,1.524075235109718,0.335423197492163,0.4122257053291536,0.09180338959582364,0.02419160958065514,0.01555916007217434
79,none,121,75,42,86.65,0.7161157024793389,0.34710743801652894,0.39669421487603307,0.0366811309756396,0.020376144741726738,0.012335239976009863
79,display_only,2018,623,87,1437.2000000000007,0.7121902874132808,0.24578790882061446,0.28790882061446976,0.03884981413176979,0.015909763274123398,0.009977563039353663
79,mailer_only,4174,513,87,4197.000000000001,1.0055103018687113,0.2834211787254432,0.3847628174413033,0.05517086198894736,0.020757191351548042,0.013332000790989241
79,both,1305,241,87,1204.77,0.9231954022988506,0.3632183908045977,0.45517241379310347,0.05391281638336553,0.025678818284595686,0.016505527899235876
80,none,125,70,46,75.62,0.60496,0.296,0.352,0.031260096311139005,0.017761815469355725,0.01047223926369695
80,display_only,1920,675,87,1514.2599999999998,0.7886770833333332,0.23177083333333334,0.28125,0.043890767627573525,0.015668262341203495,0.009459172699844354
80,mailer_only,2823,406,88,2965.35,1.0504250797024441,0.27984413744243714,0.41764080765143463,0.06020695872998652,0.02387088624088274,0.014720576039853267
80,both,1193,162,87,1276.2399999999998,1.0697736797988262,0.336127409891031,0.4300083822296731,0.06184799747486376,0.024208960576056728,0.014851923599201636
81,none,159,97,48,62.88999999999999,0.39553459119496853,0.22641509433962265,0.24528301886792453,0.02233726971336962,0.014282432025284486,0.00725341701017882
81,display_only,2170,648,87,1641.9500000000005,0.7566589861751154,0.25391705069124426,0.2976958525345622,0.042210295564519246,0.016796534087478984,0.01001379920262164
81,mailer_only,3637,516,88,4123.060000000001,1.1336431124553208,0.2854000549903767,0.36431124553203187,0.06575506945326853,0.02078380871056399,0.01272736557353297
81,both,1043,189,87,1373.16,1.3165484180249283,0.31639501438159157,0.3844678811121764,0.07857404920698874,0.022851792764826295,0.013866472845555035
82,none,119,94,35,74.72,0.6278991596638656,0.2605042016806723,0.3025210084033613,0.029868614316129746,0.013261540401493214,0.007400445031276468
82,display_only,1875,615,84,1692.4800000000005,0.9026560000000002,0.26026666666666665,0.31626666666666664,0.051234073746001314,0.01767857501679003,0.010356560350141509
82,mailer_only,3264,515,87,3064.4600000000005,0.9388664215686277,0.26838235294117646,0.34558823529411764,0.0526139621035906,0.019318436344150317,0.011719677916977637
82,both,751,181,83,673.1399999999999,0.8963249001331556,0.2596537949400799,0.322237017310253,0.049167444341067415,0.017083007679981034,0.010080928520894374
83,none,126,97,32,31.699999999999996,0.2515873015873015,0.15079365079365079,0.15873015873015872,0.014565601482894716,0.008802712186170831,0.005488127057372077
83,display_only,1985,623,88,1623.4300000000003,0.8178488664987407,0.2503778337531486,0.3118387909319899,0.04275253753711542,0.016808838271646524,0.01010309457989647
83,mailer_only,2460,424,88,2934.8900000000003,1.1930447154471546,0.27479674796747966,0.4191056910569106,0.06401393775646855,0.022629434710277563,0.014217981220256297
83,both,1000,178,88,1082.3499999999995,1.0823499999999995,0.322,0.416,0.06266080313823516,0.02329084217727446,0.014100394365414135
84,none,84,59,30,29.659999999999997,0.3530952380952381,0.15476190476190477,0.15476190476190477,0.022713230839783632,0.008885123675496346,0.006050439461178788
84,display_only,1825,600,86,1619.5100000000002,0.8874027397260276,0.2389041095890411,0.3013698630136986,0.05279783939505632,0.01779582407442827,0.010488290687413701
84,mailer_only,3134,488,87,2739.8099999999995,0.8742214422463304,0.26132737715379706,0.30887045309508615,0.0504019686405278,0.01742539932893262,0.01042449170970614
84,both,1146,223,86,997.6699999999996,0.8705671902268758,0.3368237347294939,0.41012216404886565,0.05067781304326994,0.02354291547753674,0.014455897038862473
85,none,177,75,44,142.03,0.8024293785310734,0.3389830508474576,0.4067796610169492,0.043816759549241045,0.020300258315668025,0.011506376969724107
85,display_only,1827,649,89,1374.26,0.7521948549534756,0.23973727422003285,0.27805145046524354,0.044215714557240916,0.01635127563789664,0.009478622422387345
85,mailer_only,2960,426,95,4413.55,1.4910641891891891,0.32837837837837835,0.4648648648648649,0.08309326420261728,0.025889623609017743,0.01607185861393801
85,both,995,154,90,1549.4799999999996,1.557266331658291,0.3879396984924623,0.5648241206030151,0.08790021534785769,0.03136136860386254,0.018818447263854052
86,none,128,56,43,88.72,0.693125,0.3046875,0.3359375,0.037123313681802536,0.01836626969644273,0.010069278356989855
86,display_only,1842,589,85,1422.4299999999998,0.7722204125950053,0.25787187839305103,0.30510314875135724,0.041694695884996955,0.01719405442002145,0.0101685798499428
86,mailer_only,2715,403,89,3466.0900000000015,1.2766445672191533,0.33848987108655615,0.450828729281768,0.07627690522838733,0.026282268469187027,0.015885047567292105
86,both,707,138,84,1088.83,1.54007072135785,0.43422913719943423,0.6407355021216408,0.08682642032905558,0.0372434076048225,0.022796879599230522
87,none,42,33,24,37.96,0.9038095238095238,0.35714285714285715,0.35714285714285715,0.04695704463795728,0.017128150620689515,0.011258309747553681
87,display_only,1446,487,83,1446.7600000000002,1.0005255878284924,0.2641770401106501,0.35131396957123096,0.054545800969037946,0.018873468043690254,0.011649326229757171
87,mailer_only,3702,615,86,2716.529999999999,0.7338006482982169,0.24932468935710428,0.27606699081577524,0.03978427611741658,0.014908213386541866,0.009262673134957777
87,both,1373,217,84,1276.1699999999996,0.9294756008739983,0.35761107064821557,0.4289876183539694,0.051987606543103915,0.023949205579494755,0.014621983385994675
88,none,130,73,36,60.589999999999996,0.46607692307692306,0.23846153846153847,0.27692307692307694,0.020622806768031045,0.013319863864030695,0.00740758959504798
88,display_only,1568,515,87,1494.2700000000004,0.9529783163265308,0.27040816326530615,0.36033163265306123,0.051700815302390235,0.01956767993700164,0.011555830506691326
88,mailer_only,2632,336,91,2246.8799999999997,0.8536778115501519,0.2716565349544073,0.3316869300911854,0.04587927082993099,0.017923188595846934,0.01085724325373631
88,both,1143,139,88,1522.429999999999,1.3319597550306201,0.39720034995625547,0.5170603674540682,0.07848719771374345,0.02971295212958372,0.017877888215409112
89,none,125,68,41,64.34,0.5147200000000001,0.232,0.272,0.029590125355466342,0.015486622444820571,0.00816834859838101
89,display_only,1805,572,86,1343.3600000000001,0.7442437673130194,0.2698060941828255,0.3146814404432133,0.04187828548937372,0.01764481117009085,0.010653680345033754
89,mailer_only,2624,366,88,3631.260000000002,1.3838643292682935,0.35785060975609756,0.4851371951219512,0.07905466021549463,0.02757240396034217,0.017784427121132082
89,both,688,132,86,931.1499999999999,1.3534156976744185,0.38953488372093026,0.5784883720930233,0.07503875743108068,0.031766320635957086,0.0196172338408312
90,none,115,50,40,68.5,0.5956521739130435,0.28695652173913044,0.2956521739130435,0.029660178265912468,0.014952752465151957,0.00849204006184342
90,display_only,1587,503,89,1632.0200000000004,1.0283679899180846,0.3112791430371771,0.37744171392564585,0.057686923633409354,0.021132245508974547,0.013242674720477538
90,mailer_only,3297,415,90,4583.840000000004,1.3903063390961492,0.3354564755838641,0.4592053381862299,0.07757676586941553,0.025715816315127246,0.01633073369092933
90,both,829,142,87,1031.4099999999999,1.2441616405307598,0.38600723763570566,0.5138721351025332,0.06921788936450876,0.02885276151422493,0.018043761837697254
91,none,47,35,19,18.8,0.4,0.19148936170212766,0.2127659574468085,0.018762931519718022,0.00937571572201066,0.006098677197967978
91,display_only,1290,470,90,1047.4900000000002,0.8120077519379847,0.23875968992248062,0.2682170542635659,0.047388928889847956,0.01563662121012728,0.009467084812086524
91,mailer_only,4003,542,90,4208.219999999999,1.0512665500874343,0.3112665500874344,0.4001998501124157,0.060967742075366226,0.023135145144196297,0.014644341322607984
91,both,1314,198,90,1409.6399999999996,1.0727853881278535,0.3660578386605784,0.4497716894977169,0.06431210890338929,0.027158246369255207,0.01723665673776489
92,none,50,37,21,21.81,0.4362,0.22,0.24,0.01910775401473904,0.011805533098681917,0.006872799705203334
92,display_only,1199,432,81,1393.8600000000006,1.1625187656380322,0.31609674728940784,0.3944954128440367,0.05928103803307985,0.02016513150177148,0.011534797942566045
92,mailer_only,3189,542,92,3378.029999999999,1.0592756349952959,0.3236124176857949,0.4004390090937598,0.05579470713383305,0.020596714270580255,0.012517245346562919
92,both,1154,183,80,2019.6599999999994,1.7501386481802421,0.5,0.669844020797227,0.09514626008813123,0.03622852639806343,0.021355690841559402
93,none,100,59,36,50.669999999999995,0.5066999999999999,0.21,0.25,0.024553367699551912,0.013820638085111768,0.008146088649941324
93,display_only,1321,468,76,1202.8999999999999,0.9105980317940953,0.2747918243754731,0.3308099924299773,0.05428313432781312,0.01965995196855961,0.012245640302140147
93,mailer_only,2783,454,79,3116.5799999999995,1.1198634567014012,0.29608336327703916,0.34782608695652173,0.06638855767348929,0.02056088594627495,0.013004269974106633
93,both,917,170,75,1056.1299999999997,1.1517230098146125,0.37949836423118866,0.460196292257361,0.07018117516639728,0.02787830885044774,0.01746889088677475
94,none,151,54,49,79.52000000000001,0.5266225165562914,0.2582781456953642,0.31125827814569534,0.030452323252179253,0.018153151425536796,0.010269222232567342
94,display_only,1082,414,86,1232.88,1.1394454713493531,0.3299445471349353,0.3927911275415896,0.06319820225645498,0.022072315574083613,0.013318307577082989
94,mailer_only,5474,849,87,6508.970000000006,1.189070149799051,0.3410668615272196,0.4187066130800146,0.06629559293680196,0.023314482661107448,0.014031991485543925
94,both,1078,269,87,1282.0799999999997,1.1893135435992577,0.3747680890538033,0.45454545454545453,0.06742170085014028,0.02521459583099429,0.015304590347153396
95,none,159,63,48,138.26,0.8695597484276729,0.3270440251572327,0.42138364779874216,0.037756884917941345,0.020996641865822945,0.011877759285586938
95,display_only,1127,455,85,1346.79,1.195022182786158,0.3105590062111801,0.37710736468500444,0.0657823918553224,0.020821025218502334,0.01267018661055184
95,mailer_only,2845,466,86,3238.7300000000005,1.1383936731107207,0.3669595782073814,0.4421792618629174,0.06660942544493084,0.02544027253073956,0.015775956984851597
95,both,1145,180,86,2010.7399999999998,1.7561048034934497,0.519650655021834,0.7013100436681222,0.10343002457857257,0.04071698966028587,0.025608191931828818
96,none,231,68,51,187.04000000000002,0.8096969696969698,0.41125541125541126,0.47619047619047616,0.044875501758152365,0.027261948424103486,0.016947339647341377
96,display_only,1408,464,85,1541.6,1.0948863636363635,0.3693181818181818,0.4744318181818182,0.06369414156241628,0.027357632785555173,0.017135911780895866
96,mailer_only,1956,365,87,3600.8599999999988,1.8409304703476477,0.48466257668711654,0.7832310838445807,0.10667483438100457,0.0451440909898682,0.028806006488911837
96,both,612,129,79,886.3,1.448202614379085,0.4869281045751634,0.5784313725490197,0.08364010229270796,0.034707575664419954,0.02306708413092223
97,none,189,44,50,94.13000000000002,0.4980423280423282,0.32275132275132273,0.3386243386243386,0.029368059658056708,0.02026842841960702,0.012231379429738124
97,display_only,1374,411,88,1579.5700000000004,1.1496142649199421,0.36899563318777295,0.44759825327510916,0.06996128180535745,0.026408349972332337,0.016309917088027655
97,mailer_only,2599,490,89,4023.25,1.547999230473259,0.4393997691419777,0.5709888418622547,0.09199517414082647,0.03305642436543562,0.020270443522555682
97,both,1021,213,88,1537.9599999999998,1.5063271302644465,0.4720861900097943,0.5778648383937316,0.08997843354163348,0.03480094179931473,0.021088186622695387
98,none,105,43,38,61.18,0.5826666666666667,0.37142857142857144,0.4380952380952381,0.027392613909405495,0.022481147844772703,0.012998138036249954
98,display_only,1070,384,88,1385.79,1.2951308411214952,0.4308411214953271,0.5242990654205607,0.07169118115088532,0.028672519846389036,0.017397558724959072
98,mailer_only,2112,334,91,4884.490000000002,2.3127320075757583,0.5516098484848485,0.7395833333333334,0.12705305169452957,0.04069091522288286,0.025709985253122927
98,both,1174,155,89,3090.199999999998,2.6321976149914805,0.5979557069846678,0.7742759795570698,0.1504766392907466,0.044088641175325495,0.027852101438430685
99,none,73,30,33,82.44,1.1293150684931506,0.5753424657534246,0.7534246575342466,0.06390078339932222,0.041605071224673724,0.023636106572375616
99,display_only,1042,333,86,1894.98,1.818598848368522,0.5527831094049904,0.716890595009597,0.0972629573758737,0.03915580016127713,0.02454990808397432
99,mailer_only,1794,408,86,4084.310000000001,2.2766499442586405,0.6153846153846154,0.826644370122631,0.12828683674903174,0.046597773791058866,0.029377621654260142
99,both,549,163,82,993.8199999999999,1.8102367941712203,0.5828779599271403,0.6958105646630237,0.10735883614111272,0.04037500382684023,0.026267024328374373
100,none,43,20,25,34.2,0.7953488372093024,0.5581395348837209,0.6744186046511628,0.048347621370877183,0.045280301094254585,0.026344343137532394
100,display_only,663,248,75,1377.1999999999998,2.077224736048265,0.6138763197586727,0.7767722473604827,0.11401585737239206,0.04314100100126242,0.027374494576554134
100,mailer_only,1261,367,85,3410.0400000000013,2.7042347343378283,0.6962727993655828,0.9873116574147502,0.15139867130359455,0.05491082674761873,0.034583753667719035
100,both,412,139,72,1207.71,2.9313349514563107,0.7257281553398058,0.8495145631067961,0.16557686884104186,0.04801534792240814,0.030594561064465096
101,none,18,12,15,33.67,1.8705555555555557,1.0,1.0555555555555556,0.10206481791475286,0.05693258798039612,0.032868564667047885
101,display_only,329,182,74,1087.7799999999997,3.306322188449847,1.0,1.148936170212766,0.1825496538290163,0.06440698398671607,0.03939619385123945
101,mailer_only,938,218,81,3358.669999999999,3.580671641791044,1.0,1.347547974413646,0.21178646582321967,0.07852163998946697,0.04993411734502282
101,both,442,104,78,1544.0299999999995,3.493280542986424,1.0,1.3529411764705883,0.21063769440638525,0.07883171872110434,0.050017645191592276
