household_key,baseline_visit_days,baseline_sales,baseline_commodities,high_value_cutoff,baseline_weekly_sales,baseline_weekly_visits,normal_gap_days,recent_three_gap_days,gap_ratio,normal_4week_commodities,normal_8week_commodities,recent_8week_commodities,category_ratio,is_stage1_monitor,is_stage2_target,holdout_returned
81,62,3397.829999999996,138,1938.548,99.93617647058811,1.8235294117647058,3.0,7.0,2.3333333333333335,57.74193548387097,83.33333333333333,25,0.30000000000000004,1,1,1
156,155,2656.539999999991,154,1938.548,78.13352941176444,4.5588235294117645,1.0,4.0,4.0,56.29032258064516,84.88888888888889,56,0.6596858638743456,1,1,1
218,50,3354.8499999999767,138,1938.548,98.67205882352873,1.4705882352941178,4.0,13.666666666666666,3.4166666666666665,43.903225806451616,67.29629629629629,41,0.6092460099064393,1,1,1
235,62,4119.529999999972,142,1938.548,121.1626470588227,1.8235294117647058,3.0,5.666666666666667,1.888888888888889,57.58064516129032,82.96296296296296,56,0.675,1,1,1
262,112,2980.449999999987,142,1938.548,87.66029411764669,3.2941176470588234,1.0,15.666666666666666,15.666666666666666,51.645161290322584,78.81481481481481,9,0.11419172932330827,1,1,1
300,44,2666.3099999999945,124,1938.548,78.42088235294102,1.2941176470588236,3.0,8.333333333333334,2.777777777777778,44.645161290322584,69.29629629629629,26,0.37520042757883487,1,1,1
321,40,2250.649999999998,118,1938.548,66.19558823529405,1.1764705882352942,5.0,8.0,1.6,41.16129032258065,62.25925925925926,41,0.6585365853658537,1,1,1
365,53,3160.259999999993,121,1938.548,92.94882352941156,1.5588235294117647,4.0,8.0,2.0,41.516129032258064,62.18518518518518,38,0.6110780226325194,1,1,1
378,116,1997.800000000002,123,1938.548,58.75882352941182,3.411764705882353,2.0,3.0,1.5,44.645161290322584,65.92592592592592,46,0.697752808988764,1,1,1
548,37,2025.260000000001,136,1938.548,59.56647058823532,1.088235294117647,5.0,9.0,1.8,44.96774193548387,70.22222222222223,33,0.46993670886075944,1,1,1
569,45,3257.499999999979,140,1938.548,95.80882352941114,1.3235294117647058,4.0,9.666666666666666,2.4166666666666665,48.354838709677416,72.77777777777777,19,0.26106870229007634,1,1,1
577,20,2180.890000000002,139,1938.548,64.14382352941183,0.5882352941176471,10.0,39.0,3.9,43.193548387096776,67.88888888888889,32,0.4713584288052373,1,1,1
582,57,2362.989999999999,122,1938.548,69.49970588235291,1.6764705882352942,3.0,15.333333333333334,5.111111111111112,33.87096774193548,55.0,36,0.6545454545454545,1,1,1
607,102,2297.5899999999997,130,1938.548,67.57617647058822,3.0,2.0,26.0,13.0,54.225806451612904,78.0,1,0.01282051282051282,1,1,1
623,52,2759.099999999997,110,1938.548,81.14999999999992,1.5294117647058822,4.0,7.333333333333333,1.8333333333333333,31.35483870967742,47.2962962962963,10,0.211433046202036,1,1,1
709,61,2649.56,119,1938.548,77.92823529411764,1.7941176470588236,3.0,9.333333333333334,3.111111111111111,47.064516129032256,67.0,25,0.373134328358209,1,1,1
728,127,4740.119999999958,153,1938.548,139.41529411764583,3.735294117647059,1.5,9.666666666666666,6.444444444444444,61.064516129032256,86.85185185185185,32,0.3684434968017058,1,1,1
740,40,2558.8899999999935,152,1938.548,75.2614705882351,1.1764705882352942,4.0,9.0,2.25,58.193548387096776,88.55555555555556,50,0.5646173149309912,1,1,1
804,75,2358.019999999999,128,1938.548,69.35352941176468,2.2058823529411766,3.0,9.666666666666666,3.222222222222222,53.645161290322584,76.92592592592592,39,0.5069812229176698,1,1,1
806,37,2153.2999999999993,134,1938.548,63.33235294117645,1.088235294117647,4.0,6.666666666666667,1.6666666666666667,40.12903225806452,65.11111111111111,43,0.6604095563139931,1,1,1
845,43,2062.830000000007,135,1938.548,60.67147058823551,1.2647058823529411,4.5,11.0,2.4444444444444446,45.03225806451613,69.07407407407408,43,0.6225201072386058,1,1,1
855,67,2217.1400000000012,107,1938.548,65.21000000000004,1.9705882352941178,2.5,46.0,18.4,38.935483870967744,60.55555555555556,4,0.06605504587155964,1,1,1
878,66,2634.5099999999948,135,1938.548,77.48558823529396,1.9411764705882353,3.0,4.666666666666667,1.5555555555555556,56.54838709677419,81.0,55,0.6790123456790124,1,1,1
886,74,2013.8300000000022,110,1938.548,59.23029411764713,2.176470588235294,2.0,6.666666666666667,3.3333333333333335,28.225806451612904,50.25925925925926,31,0.6168017686072218,1,1,1
908,74,2431.4899999999984,132,1938.548,71.51441176470584,2.176470588235294,2.0,7.0,3.5,47.41935483870968,71.0,41,0.5774647887323944,1,1,1
909,150,4401.549999999974,196,1938.548,129.4573529411757,4.411764705882353,1.0,10.0,10.0,71.35483870967742,104.51851851851852,60,0.5740609496810772,1,1,1
918,58,1944.2800000000036,131,1938.548,57.18470588235305,1.7058823529411764,2.0,24.0,12.0,41.096774193548384,62.407407407407405,12,0.19228486646884274,1,1,0
998,77,3325.459999999992,143,1938.548,97.80764705882329,2.264705882352941,2.0,6.0,3.0,53.96774193548387,81.88888888888889,56,0.683853459972863,1,1,1
1091,53,2618.5699999999947,124,1938.548,77.0167647058822,1.5588235294117647,4.0,15.333333333333334,3.8333333333333335,48.83870967741935,69.62962962962963,12,0.1723404255319149,1,1,1
1159,118,2420.8999999999987,134,1938.548,71.20294117647055,3.4705882352941178,2.0,3.6666666666666665,1.8333333333333333,46.45161290322581,70.14814814814815,48,0.6842661034846884,1,1,1
1211,42,2906.2999999999984,95,1938.548,85.47941176470583,1.2352941176470589,5.0,13.666666666666666,2.7333333333333334,35.67741935483871,53.48148148148148,36,0.6731301939058172,1,1,1
1222,71,2906.8799999999883,148,1938.548,85.49647058823496,2.088235294117647,2.0,3.3333333333333335,1.6666666666666667,59.41935483870968,89.22222222222223,62,0.6948941469489415,1,1,1
1236,86,2230.490000000003,95,1938.548,65.60264705882362,2.5294117647058822,2.0,6.0,3.0,39.70967741935484,55.148148148148145,36,0.6527871054398926,1,1,1
1246,31,2176.7000000000035,114,1938.548,64.02058823529421,0.9117647058823529,6.0,9.333333333333334,1.5555555555555556,35.096774193548384,53.851851851851855,32,0.594222833562586,1,1,1
1263,56,2980.1399999999885,139,1938.548,87.6511764705879,1.6470588235294117,3.0,5.0,1.6666666666666667,47.32258064516129,72.70370370370371,22,0.30259806418746815,1,1,1
1305,116,3567.579999999997,109,1938.548,104.92882352941169,3.411764705882353,1.0,2.3333333333333335,2.3333333333333335,35.774193548387096,52.111111111111114,22,0.42217484008528783,1,1,1
1312,61,3038.3999999999905,145,1938.548,89.36470588235267,1.7941176470588236,3.0,13.666666666666666,4.555555555555555,56.516129032258064,82.51851851851852,42,0.5089766606822262,1,1,1
1437,48,1975.280000000004,130,1938.548,58.09647058823541,1.411764705882353,4.0,25.666666666666668,6.416666666666667,47.645161290322584,69.48148148148148,35,0.503731343283582,1,1,1
1515,40,2141.4100000000026,135,1938.548,62.9826470588236,1.1764705882352942,5.0,10.0,2.0,46.25806451612903,75.81481481481481,14,0.18466047874938937,1,1,1
1528,66,2571.429999999991,163,1938.548,75.6302941176468,1.9411764705882353,3.0,5.666666666666667,1.888888888888889,66.6774193548387,100.62962962962963,65,0.6459330143540669,1,1,1
1548,55,2387.7399999999975,135,1938.548,70.22764705882345,1.6176470588235294,3.0,15.666666666666666,5.222222222222222,54.32258064516129,80.4074074074074,9,0.11192998618148318,1,1,1
1595,41,1941.9700000000007,102,1938.548,57.116764705882375,1.2058823529411764,4.5,8.333333333333334,1.851851851851852,39.29032258064516,57.888888888888886,25,0.43186180422264875,1,1,1
1634,31,2287.61,120,1938.548,67.28264705882353,0.9117647058823529,5.5,11.333333333333334,2.0606060606060606,57.03225806451613,76.07407407407408,19,0.24975657254138267,1,1,1
1640,54,2058.9600000000037,116,1938.548,60.55764705882364,1.588235294117647,3.0,32.0,10.666666666666666,27.93548387096774,46.22222222222222,1,0.021634615384615384,1,1,1
1673,47,2434.269999999996,140,1938.548,71.59617647058812,1.3823529411764706,4.0,13.0,3.25,52.645161290322584,76.66666666666667,0,0.0,1,1,1
1767,147,4317.439999999989,187,1938.548,126.98352941176438,4.323529411764706,1.0,5.0,5.0,81.12903225806451,115.5925925925926,45,0.3892983018263377,1,1,1
1770,150,3855.7899999999613,161,1938.548,113.40558823529298,4.411764705882353,1.0,4.0,4.0,71.29032258064517,98.74074074074075,31,0.313953488372093,1,1,1
1776,113,2769.4999999999854,133,1938.548,81.45588235294075,3.323529411764706,2.0,3.0,1.5,58.645161290322584,83.22222222222223,34,0.4085447263017356,1,1,1
1803,61,5293.289999999951,145,1938.548,155.68499999999855,1.7941176470588236,3.0,4.666666666666667,1.5555555555555556,56.935483870967744,83.25925925925925,53,0.6365658362989325,1,1,1
1828,39,3212.009999999986,131,1938.548,94.47088235294076,1.1470588235294117,4.0,17.0,4.25,46.45161290322581,69.44444444444444,0,0.0,1,1,1
1850,65,2313.9600000000005,157,1938.548,68.05764705882355,1.911764705882353,2.0,9.333333333333334,4.666666666666667,57.0,88.88888888888889,61,0.68625,1,1,1
1852,88,3586.3299999999726,176,1938.548,105.48029411764625,2.588235294117647,2.0,10.0,5.0,69.25806451612904,102.70370370370371,16,0.1557879552830869,1,1,1
1906,49,2840.409999999991,144,1938.548,83.54147058823503,1.4411764705882353,4.0,9.0,2.25,48.806451612903224,73.44444444444444,44,0.5990922844175491,1,1,1
2051,112,2765.8199999999915,128,1938.548,81.34764705882328,3.2941176470588234,1.0,78.0,78.0,43.225806451612904,67.11111111111111,0,0.0,1,1,0
2062,82,2912.8799999999906,139,1938.548,85.67294117647032,2.411764705882353,2.0,13.666666666666666,6.833333333333333,60.41935483870968,83.62962962962963,38,0.45438441098317095,1,1,1
2076,77,2968.67999999998,136,1938.548,87.31411764705823,2.264705882352941,2.5,8.0,3.2,56.03225806451613,78.25925925925925,43,0.5494557501183153,1,1,1
2079,55,2543.679999999996,117,1938.548,74.81411764705871,1.6176470588235294,3.0,33.0,11.0,41.25806451612903,59.7037037037037,12,0.20099255583126552,1,1,1
2184,74,2360.4899999999952,140,1938.548,69.42617647058809,2.176470588235294,3.0,9.0,3.0,43.70967741935484,72.85185185185185,21,0.28825622775800713,1,1,1
2208,64,4609.639999999948,153,1938.548,135.57764705882198,1.8823529411764706,3.0,6.666666666666667,2.2222222222222223,73.45161290322581,100.48148148148148,28,0.27865831183192036,1,1,1
2260,37,2592.359999999992,110,1938.548,76.24588235294094,1.088235294117647,6.0,9.333333333333334,1.5555555555555556,36.74193548387097,56.25925925925926,32,0.5687952600394997,1,1,1
2277,49,2044.370000000001,117,1938.548,60.12852941176474,1.4411764705882353,3.0,9.0,3.0,31.322580645161292,50.55555555555556,23,0.45494505494505494,1,1,1
2294,62,5579.779999999959,152,1938.548,164.11117647058703,1.8235294117647058,2.0,9.0,4.5,73.45161290322581,106.18518518518519,40,0.3767003836763167,1,1,1
2301,48,2087.910000000002,107,1938.548,61.409117647058885,1.411764705882353,3.0,6.333333333333333,2.111111111111111,36.45161290322581,59.18518518518518,16,0.27033792240300375,1,1,1
2314,32,2108.200000000001,110,1938.548,62.005882352941214,0.9411764705882353,6.0,10.0,1.6666666666666667,41.903225806451616,60.370370370370374,39,0.6460122699386502,1,1,1
2318,115,6078.059999999958,163,1938.548,178.76647058823406,3.3823529411764706,1.0,5.0,5.0,70.19354838709677,97.62962962962963,31,0.3175265553869499,1,1,1
2425,45,2070.490000000002,126,1938.548,60.89676470588241,1.3235294117647058,4.5,36.333333333333336,8.074074074074074,37.67741935483871,63.74074074074074,13,0.20395119116792562,1,1,1
2484,40,2340.62,127,1938.548,68.84176470588235,1.1764705882352942,5.0,11.333333333333334,2.2666666666666666,51.03225806451613,73.51851851851852,8,0.10881612090680101,1,1,1
