household_key,base_8w_avg_cats,eval_end_8w_cats,cat_ratio,cat_fire,widen_15,drop70
6,65.70370370370371,53,0.806651634723788,False,True,True
13,77.14814814814815,69,0.8943831012962074,False,True,False
18,60.96296296296296,70,1.1482381530984205,False,False,False
19,79.51851851851852,111,1.3959012575687004,False,False,False
40,94.70370370370371,97,1.0242471646460696,False,False,False
46,54.22222222222222,82,1.5122950819672132,False,False,False
56,81.14814814814815,57,0.7024189867640347,False,False,False
58,81.0,110,1.3580246913580247,False,False,False
67,83.18518518518519,80,0.9617097061442564,False,False,False
69,59.333333333333336,68,1.146067415730337,False,False,False
72,80.77777777777777,77,0.953232462173315,False,True,False
81,83.33333333333333,25,0.30000000000000004,True,True,True
88,108.96296296296296,120,1.1012916383412645,False,False,False
99,77.18518518518519,70,0.9069097888675623,False,False,False
113,115.88888888888889,106,0.9146692233940557,False,False,False
115,79.44444444444444,67,0.8433566433566434,False,False,False
125,73.92592592592592,69,0.9333667334669339,False,False,False
131,72.85185185185185,51,0.7000508388408745,False,True,False
143,85.66666666666667,65,0.7587548638132295,False,True,True
149,86.25925925925925,99,1.1477028767711466,False,False,False
156,84.88888888888889,56,0.6596858638743456,True,True,True
184,53.370370370370374,46,0.8619014573213046,False,True,False
196,73.22222222222223,56,0.7647951441578148,False,True,False
198,104.96296296296296,77,0.733592095977417,False,True,True
209,49.25925925925926,54,1.0962406015037593,False,False,False
218,67.29629629629629,41,0.6092460099064393,True,True,False
219,101.74074074074075,114,1.1204950855478704,False,False,False
222,60.370370370370374,51,0.8447852760736195,False,False,True
232,120.18518518518519,96,0.7987673343605547,False,True,True
235,82.96296296296296,56,0.675,True,True,False
242,67.5925925925926,62,0.9172602739726027,False,False,False
243,74.03703703703704,86,1.1615807903951976,False,False,False
248,75.22222222222223,69,0.9172821270310191,False,False,False
253,89.48148148148148,90,1.005794701986755,False,False,False
256,79.37037037037037,82,1.0331311245916939,False,False,False
262,78.81481481481481,9,0.11419172932330827,True,True,True
263,71.14814814814815,70,0.9838625715773034,False,False,False
300,69.29629629629629,26,0.37520042757883487,True,True,True
304,73.88888888888889,83,1.1233082706766917,False,False,False
317,64.66666666666667,59,0.9123711340206185,False,True,False
321,62.25925925925926,41,0.6585365853658537,True,True,False
324,81.44444444444444,93,1.1418826739427013,False,False,False
328,119.22222222222223,135,1.1323392357875115,False,False,False
351,62.77777777777778,81,1.2902654867256638,False,True,False
354,95.88888888888889,77,0.8030127462340673,False,True,False
358,100.74074074074075,107,1.0621323529411764,False,False,False
361,88.74074074074075,95,1.0705342237061768,False,False,False
365,62.18518518518518,38,0.6110780226325194,True,True,True
367,67.88888888888889,85,1.2520458265139116,False,False,False
371,119.4074074074074,125,1.0468362282878412,False,False,False
374,73.92592592592592,42,0.5681362725450902,True,False,True
376,57.22222222222222,51,0.8912621359223301,False,True,True
378,65.92592592592592,46,0.697752808988764,True,True,True
380,72.70370370370371,64,0.880285277636271,False,False,False
383,63.48148148148148,61,0.9609101516919487,False,True,False
387,65.44444444444444,70,1.069609507640068,False,True,False
389,111.4074074074074,99,0.8886303191489362,False,False,False
392,91.5925925925926,105,1.1463809138697938,False,False,False
397,70.88888888888889,63,0.8887147335423198,False,False,False
400,121.14814814814815,118,0.9740140629776827,False,False,False
411,43.2962962962963,50,1.1548331907613345,False,True,False
421,71.07407407407408,42,0.5909327774882751,True,False,False
425,48.77777777777778,40,0.8200455580865603,False,False,False
426,82.37037037037037,77,0.9348021582733813,False,True,False
437,52.7037037037037,47,0.8917779339423753,False,False,True
454,74.70370370370371,63,0.8433316807139315,False,False,False
456,60.7037037037037,52,0.8566198901769372,False,False,False
469,83.88888888888889,81,0.9655629139072848,False,False,False
472,92.03703703703704,101,1.0973843058350101,False,True,True
492,70.25925925925925,89,1.2667369530838166,False,False,True
510,98.18518518518519,99,1.008298755186722,False,False,False
513,51.03703703703704,54,1.058055152394775,False,False,False
548,70.22222222222223,33,0.46993670886075944,True,True,True
553,85.44444444444444,96,1.1235370611183355,False,False,False
560,76.14814814814815,73,0.9586575875486381,False,True,False
569,72.77777777777777,19,0.26106870229007634,True,True,True
574,53.55555555555556,73,1.3630705394190872,False,False,False
575,105.48148148148148,93,0.8816713483146067,False,False,False
577,67.88888888888889,32,0.4713584288052373,True,True,False
582,55.0,36,0.6545454545454545,True,True,False
588,97.18518518518519,91,0.9363567073170731,False,False,False
591,104.03703703703704,105,1.0092559629761482,False,False,True
607,78.0,1,0.01282051282051282,True,True,True
623,47.2962962962963,10,0.211433046202036,True,True,True
631,83.4074074074074,93,1.1150088809946714,False,False,False
633,66.4074074074074,28,0.4216397099832683,True,False,False
636,74.18518518518519,105,1.4153769345981027,False,False,False
638,81.88888888888889,70,0.8548168249660787,False,False,False
641,106.25925925925925,99,0.9316835134193099,False,False,False
653,113.62962962962963,87,0.765645371577575,False,True,True
660,72.88888888888889,63,0.864329268292683,False,True,False
661,51.0,32,0.6274509803921569,True,False,False
669,69.0,75,1.0869565217391304,False,False,True
676,83.4074074074074,93,1.1150088809946714,False,False,False
693,76.44444444444444,77,1.0072674418604652,False,True,True
695,60.148148148148145,74,1.230295566502463,False,False,False
696,103.74074074074075,117,1.1278114958943233,False,False,False
699,74.22222222222223,90,1.2125748502994012,False,True,False
702,54.74074074074074,63,1.1508795669824086,False,True,False
703,62.111111111111114,94,1.513416815742397,False,False,False
707,101.92592592592592,96,0.9418604651162791,False,True,False
709,67.0,25,0.373134328358209,True,True,False
712,102.48148148148148,95,0.9269967473798337,False,True,False
718,118.88888888888889,126,1.0598130841121496,False,False,False
722,57.333333333333336,58,1.0116279069767442,False,False,False
728,86.85185185185185,32,0.3684434968017058,True,True,True
740,88.55555555555556,50,0.5646173149309912,True,True,False
745,74.62962962962963,72,0.9647642679900744,False,True,False
761,69.77777777777777,96,1.3757961783439492,False,False,False
762,73.44444444444444,106,1.443267776096823,False,False,False
766,88.85185185185185,86,0.9679032930387662,False,False,False
771,89.22222222222223,120,1.344956413449564,False,False,False
776,60.18518518518518,36,0.5981538461538461,True,False,True
786,74.11111111111111,61,0.8230884557721139,False,True,False
788,70.77777777777777,56,0.7912087912087913,False,True,False
800,95.37037037037037,88,0.9227184466019418,False,False,False
804,76.92592592592592,39,0.5069812229176698,True,True,True
806,65.11111111111111,43,0.6604095563139931,True,True,False
820,57.0,49,0.8596491228070176,False,True,False
825,101.85185185185185,90,0.8836363636363637,False,True,False
831,82.33333333333333,94,1.1417004048582997,False,False,False
840,92.18518518518519,78,0.8461229409401365,False,False,False
844,66.11111111111111,47,0.7109243697478991,False,False,False
845,69.07407407407408,43,0.6225201072386058,True,True,True
849,64.4074074074074,56,0.8694652098907418,False,True,False
853,53.25925925925926,53,0.9951321279554938,False,True,False
855,60.55555555555556,4,0.06605504587155964,True,True,False
859,76.66666666666667,69,0.8999999999999999,False,False,False
864,66.48148148148148,83,1.248467966573816,False,False,False
868,50.851851851851855,44,0.8652585579024035,False,True,False
871,92.51851851851852,80,0.8646917534027222,False,False,False
878,81.0,55,0.6790123456790124,True,True,False
882,58.407407407407405,42,0.7190868738110336,False,True,True
883,68.11111111111111,89,1.3066884176182707,False,False,False
886,50.25925925925926,31,0.6168017686072218,True,True,True
888,81.74074074074075,92,1.1255097417308562,False,False,False
889,88.14814814814815,97,1.1004201680672268,False,True,False
891,63.666666666666664,83,1.3036649214659686,False,False,False
895,49.25925925925926,42,0.8526315789473684,False,False,False
898,73.11111111111111,69,0.9437689969604863,False,True,False
900,115.25925925925925,107,0.9283419023136247,False,False,False
906,35.74074074074074,28,0.783419689119171,False,True,True
908,71.0,41,0.5774647887323944,True,True,False
909,104.51851851851852,60,0.5740609496810772,True,True,True
926,68.70370370370371,50,0.7277628032345013,False,False,True
931,59.74074074074074,52,0.87042777433354,False,True,False
932,69.77777777777777,69,0.9888535031847134,False,True,False
934,102.77777777777777,119,1.157837837837838,False,False,False
936,71.55555555555556,73,1.0201863354037266,False,False,False
956,76.77777777777777,74,0.9638205499276412,False,False,False
968,81.11111111111111,99,1.2205479452054795,False,False,False
972,64.92592592592592,23,0.354249857387336,True,False,True
973,73.88888888888889,98,1.3263157894736843,False,False,False
979,87.81481481481481,101,1.150147617039224,False,False,False
982,107.07407407407408,114,1.0646835005188515,False,True,False
998,81.88888888888889,56,0.683853459972863,True,True,True
1020,87.14814814814815,82,0.940926476838079,False,False,False
1023,79.4074074074074,100,1.2593283582089552,False,False,False
1024,61.592592592592595,69,1.1202645820805772,False,False,False
1029,90.11111111111111,93,1.032059186189889,False,False,False
1039,67.07407407407408,60,0.8945334069574821,False,False,False
1040,56.407407407407405,55,0.9750492449113592,False,False,False
1041,55.7037037037037,76,1.3643617021276595,False,False,False
1057,42.81481481481482,41,0.9576124567474048,False,False,False
1074,56.666666666666664,72,1.2705882352941178,False,False,False
1078,85.0,78,0.9176470588235294,False,False,True
1081,95.37037037037037,68,0.7130097087378641,False,True,False
1091,69.62962962962963,12,0.1723404255319149,True,True,True
1097,65.22222222222223,65,0.9965928449744462,False,False,False
1098,67.66666666666667,67,0.9901477832512314,False,False,False
1103,71.48148148148148,41,0.5735751295336787,True,False,True
1111,108.44444444444444,95,0.8760245901639344,False,True,False
1130,76.88888888888889,69,0.8973988439306358,False,True,False
1134,59.2962962962963,74,1.2479700187382885,False,True,False
1139,71.48148148148148,57,0.7974093264248705,False,True,True
1142,91.77777777777777,93,1.013317191283293,False,False,False
1146,72.70370370370371,70,0.9628120224146713,False,False,False
1159,70.14814814814815,48,0.6842661034846884,True,True,True
1166,102.11111111111111,96,0.9401523394994559,False,False,False
1167,66.33333333333333,48,0.7236180904522613,False,True,False
1169,72.14814814814815,50,0.6930184804928131,True,False,False
1175,71.74074074074075,68,0.9478575116159008,False,False,False
1179,72.77777777777777,96,1.3190839694656489,False,False,False
1203,61.51851851851852,74,1.2028898254063818,False,False,False
1206,82.0,58,0.7073170731707317,False,True,True
1211,53.48148148148148,36,0.6731301939058172,True,True,False
1216,77.96296296296296,56,0.7182897862232779,False,False,True
1222,89.22222222222223,62,0.6948941469489415,True,True,True
1226,80.55555555555556,74,0.9186206896551724,False,False,False
1228,87.88888888888889,87,0.9898862199747156,False,False,False
1229,106.11111111111111,89,0.8387434554973822,False,False,False
1234,65.37037037037037,75,1.1473087818696885,False,False,False
1236,55.148148148148145,36,0.6527871054398926,True,True,True
1238,73.03703703703704,56,0.7667342799188641,False,True,True
1240,69.48148148148148,90,1.2953091684434968,False,False,False
1246,53.851851851851855,32,0.594222833562586,True,True,False
1247,78.5925925925926,60,0.7634307257304429,False,False,False
1248,70.55555555555556,25,0.3543307086614173,True,False,True
1260,94.33333333333333,91,0.9646643109540637,False,True,False
1263,72.70370370370371,22,0.30259806418746815,True,True,True
1264,69.22222222222223,26,0.3756019261637239,True,False,True
1272,97.96296296296296,90,0.9187145557655955,False,False,False
1274,67.66666666666667,70,1.0344827586206895,False,True,False
1277,74.18518518518519,31,0.41787319021467795,True,False,False
1282,73.4074074074074,67,0.9127144298688195,False,False,False
1305,52.111111111111114,22,0.42217484008528783,True,True,True
1312,82.51851851851852,42,0.5089766606822262,True,True,True
1314,90.11111111111111,73,0.8101109741060419,False,True,False
1318,63.44444444444444,59,0.9299474605954466,False,False,False
1333,76.14814814814815,88,1.1556420233463034,False,False,False
1336,55.44444444444444,70,1.2625250501002003,False,True,False
1337,107.33333333333333,117,1.0900621118012424,False,False,False
1349,72.11111111111111,71,0.9845916795069337,False,False,True
1352,75.33333333333333,69,0.9159292035398231,False,False,False
1367,89.4074074074074,94,1.0513670256835128,False,False,False
1370,58.111111111111114,59,1.0152963671128106,False,False,False
1376,98.51851851851852,80,0.8120300751879699,False,True,False
1378,59.2962962962963,55,0.9275452841973766,False,False,False
1379,86.74074074074075,101,1.164389410760034,False,True,False
1385,60.111111111111114,51,0.8484288354898336,False,True,False
1388,53.48148148148148,46,0.8601108033240997,False,True,False
1391,72.14814814814815,85,1.1781314168377823,False,False,False
1396,87.5925925925926,85,0.9704016913319239,False,False,True
1419,92.62962962962963,66,0.712514994002399,False,True,True
1430,107.48148148148148,114,1.0606478290833907,False,False,False
1437,69.48148148148148,35,0.503731343283582,True,True,True
1453,130.2962962962963,136,1.0437748720864126,False,True,False
1461,60.074074074074076,48,0.7990135635018495,False,True,False
1475,75.22222222222223,88,1.1698670605612997,False,False,False
1476,52.81481481481482,45,0.8520336605890603,False,True,False
1479,69.14814814814815,86,1.2437064809855383,False,False,False
1489,104.11111111111111,106,1.0181430096051227,False,False,False
1491,76.48148148148148,68,0.8891041162227603,False,False,False
1501,84.62962962962963,74,0.874398249452954,False,False,False
1505,69.62962962962963,67,0.9622340425531914,False,False,True
1510,84.5925925925926,96,1.1348511383537654,False,False,False
1515,75.81481481481481,14,0.18466047874938937,True,True,True
1527,97.11111111111111,100,1.0297482837528604,False,False,False
1528,100.62962962962963,65,0.6459330143540669,True,True,False
1529,76.33333333333333,82,1.074235807860262,False,False,False
1535,66.55555555555556,78,1.1719532554257095,False,False,False
1536,61.074074074074076,39,0.6385688295936931,True,False,False
1541,79.66666666666667,96,1.205020920502092,False,False,False
1548,80.4074074074074,9,0.11192998618148318,True,True,True
1557,60.407407407407405,39,0.6456161863887186,True,False,True
1563,62.333333333333336,47,0.7540106951871658,False,False,False
1579,90.96296296296296,92,1.011400651465798,False,False,False
1584,57.25925925925926,69,1.2050452781371281,False,False,False
1585,69.55555555555556,76,1.0926517571884984,False,False,False
1588,68.70370370370371,80,1.164420485175202,False,True,True
1590,70.51851851851852,63,0.8933823529411765,False,True,False
1595,57.888888888888886,25,0.43186180422264875,True,True,True
1598,71.29629629629629,110,1.542857142857143,False,False,False
1602,80.77777777777777,66,0.8170563961485557,False,False,False
1609,108.85185185185185,114,1.0472949982987412,False,False,False
1612,86.29629629629629,71,0.8227467811158798,False,True,False
1613,48.18518518518518,73,1.514988470407379,False,False,False
1620,83.4074074074074,87,1.0430728241563056,False,False,False
1630,60.55555555555556,78,1.2880733944954128,False,False,False
1631,91.22222222222223,90,0.9866017052375151,False,False,False
1633,91.44444444444444,101,1.1044957472660997,False,True,False
1634,76.07407407407408,19,0.24975657254138267,True,True,True
1640,46.22222222222222,1,0.021634615384615384,True,True,True
1653,108.18518518518519,110,1.016775077028415,False,False,False
1662,89.0,85,0.9550561797752809,False,True,False
1673,76.66666666666667,0,0.0,True,True,True
1675,68.0,53,0.7794117647058824,False,False,True
1677,92.85185185185185,97,1.0446749102512964,False,False,False
1693,89.77777777777777,83,0.9245049504950495,False,False,False
1694,77.48148148148148,74,0.9550669216061185,False,False,False
1707,77.85185185185185,73,0.9376784015223597,False,True,True
1710,84.81481481481481,69,0.8135371179039301,False,False,True
1722,83.22222222222223,91,1.0934579439252337,False,False,True
1762,108.14814814814815,104,0.9616438356164383,False,True,False
1764,61.51851851851852,121,1.966887417218543,False,False,False
1767,115.5925925925926,45,0.3892983018263377,True,True,True
1769,65.85185185185185,66,1.002249718785152,False,False,False
1770,98.74074074074075,31,0.313953488372093,True,True,True
1775,74.33333333333333,78,1.0493273542600898,False,False,False
1776,83.22222222222223,34,0.4085447263017356,True,True,True
1778,85.33333333333333,81,0.94921875,False,True,True
1788,69.07407407407408,73,1.0568364611260053,False,False,False
1795,71.37037037037037,102,1.4291645044110017,False,False,False
1803,83.25925925925925,53,0.6365658362989325,True,True,True
1804,88.4074074074074,83,0.9388353581901969,False,False,False
1807,89.92592592592592,72,0.800658978583196,False,False,True
1822,75.81481481481481,48,0.6331216414264779,True,False,True
1823,91.70370370370371,93,1.014135702746365,False,False,False
1828,69.44444444444444,0,0.0,True,True,True
1829,69.29629629629629,60,0.865847140566542,False,True,True
1835,84.88888888888889,109,1.2840314136125655,False,False,False
1845,117.22222222222223,98,0.8360189573459715,False,False,True
1848,78.88888888888889,60,0.7605633802816901,False,True,True
1850,88.88888888888889,61,0.68625,True,True,False
1852,102.70370370370371,16,0.1557879552830869,True,True,True
1854,68.66666666666667,85,1.2378640776699028,False,False,False
1864,99.96296296296296,99,0.9903668025194516,False,False,False
1865,77.0,55,0.7142857142857143,False,False,False
1892,83.88888888888889,67,0.7986754966887417,False,True,True
1899,79.5925925925926,71,0.8920428106095858,False,False,False
1900,61.74074074074074,88,1.4253149370125975,False,False,False
1901,115.0,89,0.7739130434782608,False,False,True
1906,73.44444444444444,44,0.5990922844175491,True,True,False
1907,101.70370370370371,33,0.3244719592134013,True,False,False
1917,72.22222222222223,72,0.9969230769230768,False,False,False
1935,71.92592592592592,65,0.903707518022657,False,False,False
1943,61.0,22,0.36065573770491804,True,False,True
1944,85.14814814814815,74,0.8690735102218355,False,False,False
1947,47.333333333333336,75,1.584507042253521,False,True,False
1955,63.7037037037037,83,1.302906976744186,False,False,False
1971,75.37037037037037,19,0.2520884520884521,True,False,True
1975,98.29629629629629,95,0.96646571213263,False,True,False
1985,65.85185185185185,91,1.3818897637795275,False,False,False
1995,97.07407407407408,124,1.2773750476917207,False,False,False
2004,75.77777777777777,79,1.0425219941348975,False,True,False
2007,72.0,85,1.1805555555555556,False,False,False
2012,56.81481481481482,78,1.3728813559322033,False,False,False
2015,62.666666666666664,84,1.3404255319148937,False,False,False
2019,42.2962962962963,110,2.6007005253940454,False,True,False
2020,84.62962962962963,104,1.2288840262582057,False,False,False
2022,76.4074074074074,85,1.1124575860397479,False,False,False
2062,83.62962962962963,38,0.45438441098317095,True,True,True
2076,78.25925925925925,43,0.5494557501183153,True,True,False
2079,59.7037037037037,12,0.20099255583126552,True,True,True
2080,71.33333333333333,63,0.883177570093458,False,True,True
2083,77.44444444444444,82,1.0588235294117647,False,False,False
2085,89.22222222222223,122,1.3673723536737235,False,False,False
2087,75.0,76,1.0133333333333334,False,False,False
2097,52.2962962962963,39,0.7457507082152974,False,False,True
2110,85.18518518518519,97,1.1386956521739129,False,False,False
2115,99.92592592592592,83,0.8306152705707932,False,True,False
2116,108.51851851851852,113,1.041296928327645,False,True,False
2129,76.37037037037037,74,0.9689621726479147,False,False,False
2131,65.4074074074074,59,0.9020385050962628,False,True,True
2133,62.96296296296296,73,1.1594117647058824,False,True,False
2134,75.44444444444444,96,1.272459499263623,False,True,False
2142,59.77777777777778,49,0.8197026022304833,False,True,False
2162,56.55555555555556,68,1.2023575638506876,False,False,False
2168,71.44444444444444,61,0.8538102643856921,False,True,False
2170,67.14814814814815,40,0.5956977385548814,True,False,False
2184,72.85185185185185,21,0.28825622775800713,True,True,True
2185,67.96296296296296,66,0.9711171662125341,False,True,True
2190,89.66666666666667,94,1.0483271375464684,False,False,False
2193,98.55555555555556,72,0.7305524239007891,False,False,True
2194,75.48148148148148,67,0.8876349362119725,False,False,False
2199,68.4074074074074,60,0.8770979967514889,False,False,True
2200,83.44444444444444,81,0.9707057256990679,False,False,False
2207,76.03703703703704,57,0.7496346809547004,False,False,True
2208,100.48148148148148,28,0.27865831183192036,True,True,True
2209,95.4074074074074,81,0.8489906832298136,False,False,False
2226,64.55555555555556,99,1.533562822719449,False,False,False
2227,90.74074074074075,77,0.8485714285714285,False,False,True
2233,99.96296296296296,89,0.8903297517599111,False,True,False
2234,60.7037037037037,77,1.2684563758389262,False,False,False
2260,56.25925925925926,32,0.5687952600394997,True,True,True
2261,90.62962962962963,93,1.0261544748671843,False,True,False
2264,127.48148148148148,119,0.9334689134224288,False,False,False
2266,75.51851851851852,75,0.9931338891613536,False,False,False
2277,50.55555555555556,23,0.45494505494505494,True,True,True
2280,85.70370370370371,96,1.1201382886776143,False,False,False
2284,127.11111111111111,114,0.8968531468531469,False,False,False
2294,106.18518518518519,40,0.3767003836763167,True,True,True
2295,86.37037037037037,40,0.4631217838765009,True,False,True
2296,104.07407407407408,120,1.1530249110320285,False,True,False
2301,59.18518518518518,16,0.27033792240300375,True,True,True
2305,69.07407407407408,68,0.9844504021447721,False,False,False
2307,55.55555555555556,26,0.46799999999999997,True,False,False
2312,104.77777777777777,113,1.07847295864263,False,False,False
2314,60.370370370370374,39,0.6460122699386502,True,True,False
2317,81.0,92,1.1358024691358024,False,False,False
2318,97.62962962962963,31,0.3175265553869499,True,True,True
2322,140.85185185185185,127,0.901656586905075,False,False,False
2328,97.81481481481481,72,0.7360848163574404,False,True,False
2334,97.25925925925925,107,1.1001523229246002,False,False,False
2337,113.25925925925925,104,0.9182472204054939,False,False,True
2341,65.88888888888889,81,1.2293423271500843,False,True,True
2351,114.55555555555556,134,1.1697381183317168,False,False,False
2360,93.85185185185185,61,0.6499605367008682,True,False,False
2364,77.22222222222223,69,0.893525179856115,False,False,False
2367,67.81481481481481,57,0.8405243036592027,False,True,True
2374,56.111111111111114,70,1.2475247524752475,False,False,False
2395,69.70370370370371,72,1.032943676939426,False,False,False
2400,69.44444444444444,75,1.08,False,False,False
2412,99.48148148148148,86,0.8644825018615041,False,False,False
2421,87.44444444444444,85,0.9720457433290979,False,False,False
2425,63.74074074074074,13,0.20395119116792562,True,True,True
2427,68.22222222222223,74,1.0846905537459282,False,False,False
2437,63.51851851851852,69,1.0862973760932944,False,False,False
2445,64.5925925925926,51,0.7895642201834862,False,True,False
2447,66.18518518518519,58,0.8763290430889759,False,True,True
2448,81.77777777777777,75,0.9171195652173914,False,False,False
2449,102.37037037037037,94,0.9182344428364689,False,True,False
2451,78.44444444444444,95,1.2110481586402266,False,True,False
2459,134.55555555555554,116,0.8620974401321223,False,False,True
2462,86.66666666666667,65,0.75,False,False,False
2467,91.33333333333333,108,1.1824817518248176,False,True,False
2479,104.66666666666667,119,1.1369426751592355,False,False,False
2484,73.51851851851852,8,0.10881612090680101,True,True,False
2489,99.51851851851852,115,1.155563825828061,False,False,True
2497,69.92592592592592,60,0.8580508474576272,False,False,False
