household_key,widen_15,widen_20,retention
6,True,True,0.6400484582690382
13,True,False,1.1291678759960806
18,False,False,1.1536133726357047
19,False,False,1.578285688175798
40,False,False,1.1524186662838984
46,False,False,2.0075755911524027
56,False,False,1.2046895693291195
58,False,False,1.0303240177522266
67,False,False,1.6249407963530116
69,False,False,0.8939286665284809
72,True,True,0.8376173777976513
81,True,True,0.13869804579757697
88,False,False,0.8034667954356425
99,False,False,0.888811545417789
113,False,False,1.1483829588800085
115,False,False,1.4336795940175513
125,False,False,0.9184260838732673
131,True,False,0.855643667093654
143,True,True,0.13345918511661065
149,False,False,0.9541679776426053
156,True,True,0.3405708176801403
184,True,True,1.25740808667927
196,True,False,0.761155205942523
198,True,True,0.5776821026537259
209,False,False,1.104479074301783
218,True,True,0.7009462491048852
219,False,False,1.1794943728857665
222,False,False,0.6251352299279269
232,True,True,0.20664797202462798
235,True,False,0.8113926080101835
242,False,False,0.975825083029541
243,False,False,1.482209533814031
248,False,False,1.6831363259063974
253,False,False,0.7711017741538347
256,False,False,0.8215765284374208
262,True,True,0.2228679114451397
263,False,False,0.964606482944134
300,True,True,0.40022138675333535
304,False,False,1.499429487506579
317,True,False,0.7465372873946862
321,True,False,0.7969456442741938
324,False,False,0.7010222389352548
328,False,False,0.892887153042043
351,True,True,0.9123602189963748
354,True,True,0.936324560197647
358,False,False,0.9374296319011802
361,False,False,1.2528825656094256
365,True,True,0.5902172606051402
367,False,False,1.233053704759759
371,False,False,1.5148662945532814
374,False,False,0.459904761603632
376,True,True,0.5682725681595334
378,True,False,0.6298304325233947
380,False,False,0.9712356503658034
383,True,False,0.7397564805444119
387,True,False,1.1182478345989142
389,False,False,0.8289305563158247
392,False,False,1.2975425238637701
397,False,False,0.8385052892347765
400,False,False,1.023623417664198
411,True,False,1.1661098317714347
421,False,False,0.7563531291256954
425,False,False,0.9473489705348334
426,True,False,0.947719808464915
437,False,False,0.4334936620184125
454,False,False,1.1013067124426241
456,False,False,0.8430285122962806
469,False,False,0.7886819136169873
472,True,False,0.0824516864657833
492,False,False,0.5730654964245421
510,False,False,0.8677936450298941
513,False,False,0.9818393780815072
548,True,False,0.48155086965906313
553,False,False,0.949888390070716
560,True,False,1.3683983039979013
569,True,True,0.46816445565179265
574,False,False,1.3658774050930909
575,False,False,0.8506466760029657
577,True,True,0.8346496373586232
582,True,True,0.7591536066392076
588,False,False,1.0664546162221855
591,False,False,0.3235370959485823
607,True,True,0.01510817027945846
623,True,False,0.09313147316844173
631,False,False,1.2152390171586285
633,False,False,0.8760867707845372
636,False,False,1.5187329325519936
638,False,False,1.1175646196418767
641,False,False,1.0638397364906467
653,True,False,0.6888403762485561
660,True,False,0.7032135871498475
661,False,False,0.7914658302340208
669,False,False,0.636503058366811
676,False,False,1.387078765711191
693,True,False,0.4784437935870405
695,False,False,1.7614455931393689
696,False,False,1.1751902768383267
699,True,False,1.1707494639115343
702,True,False,1.3531425859870747
703,False,False,0.9760518829671302
707,True,True,1.0138087976796728
709,True,True,0.8174126305967063
712,True,True,0.8795634167027488
718,False,False,0.9482200524804095
722,False,False,1.2175853011378226
728,True,True,0.20067143166558377
740,True,True,1.1919271544265198
745,True,False,0.8276581011174894
761,False,False,1.6787936249236026
762,False,False,1.5807521707440053
766,False,False,1.0315718523243615
771,False,False,1.4659487959490443
776,False,False,0.17449429980693304
786,True,True,1.039541942427035
788,True,True,0.820591415867584
800,False,False,1.0322828302298486
804,True,True,0.3820247091890251
806,True,False,1.0151811284119834
820,True,True,0.7781540723906569
825,True,True,0.7508491609018961
831,False,False,1.0667288389806517
840,False,False,1.4032631021003115
844,False,False,0.8458119418031417
845,True,True,0.6233572325397632
849,True,False,0.8669638311153584
853,True,False,0.8563701453541973
855,True,True,1.3793385472575783
859,False,False,0.9363768425772503
864,False,False,1.382940400241467
868,True,False,0.7955313770682778
871,False,False,0.8615295857111608
878,True,False,0.7182042165245871
882,True,True,0.5945834369532504
883,False,False,1.03098068131544
886,True,True,0.4655195040580103
888,False,False,1.189260547709528
889,True,False,0.8334227319823757
891,False,False,1.4558811025399703
895,False,False,1.3497150598560843
898,True,False,0.9936532001081518
900,False,False,1.0318681058775032
906,True,False,0.6837352992175998
908,True,True,0.7875269112864169
909,True,True,0.3986641069623201
926,False,False,0.5977326044905118
931,True,False,0.8398922792465412
932,True,True,0.8246426978815043
934,False,False,1.3778618348751845
936,False,False,1.1809451151789228
956,False,False,0.842559677628416
968,False,False,1.1438473472079322
972,False,False,0.4041881535720229
973,False,False,1.3295826103744703
979,False,False,1.5288619426550456
982,True,True,0.9154819875815102
998,True,True,0.6503678832258939
1020,False,False,1.7204562801838912
1023,False,False,1.7658950577178065
1024,False,False,1.268695427928749
1029,False,False,1.047241687441277
1039,False,False,0.8187803384441568
1040,False,False,0.7450702796848168
1041,False,False,1.7697730193385854
1057,False,False,1.3432051838143937
1074,False,False,1.467843160338298
1078,False,False,0.5147394157564207
1081,True,True,1.034412639777038
1091,True,True,0.07898094870755525
1097,False,False,0.7491847724543113
1098,False,False,1.154273143401792
1103,False,False,0.5250961853931285
1111,True,True,0.7914428286284576
1130,True,True,1.1161669858006447
1134,True,True,0.9790095192902131
1139,True,True,0.6867264946987058
1142,False,False,1.5113855340138345
1146,False,False,1.027093428893323
1159,True,False,0.6187478485962522
1166,False,False,0.9154237489299007
1167,True,False,0.7588845637412052
1169,False,False,0.7446798104277138
1175,False,False,0.8287515767663306
1179,False,False,1.4184713289043993
1203,False,False,1.1544746261539673
1206,True,True,0.6960284390246614
1211,True,True,1.0420832903233208
1216,False,False,0.2515151973190312
1222,True,False,0.4048732989452936
1226,False,False,1.4017233716703905
1228,False,False,1.2672238124948119
1229,False,False,1.0675584359738304
1234,False,False,0.9508581112998582
1236,True,True,0.35787609342299115
1238,True,True,0.3188153806381748
1240,False,False,1.670859945444519
1246,True,False,0.8639259516918358
1247,False,False,0.9821223530668379
1248,False,False,0.4270536818427328
1260,True,False,0.8711941544786412
1263,True,False,0.1811238014704966
1264,False,False,0.6067140205513044
1272,False,False,1.0770147003392385
1274,True,False,0.8387753016509573
1277,False,False,0.9661600164072645
1282,False,False,1.0877557544757035
1305,True,True,0.2586061406438245
1312,True,True,0.26339364076330896
1314,True,True,0.8461642812430024
1318,False,False,1.2295343869691988
1333,False,False,1.4063511850575234
1336,True,True,1.1134898044432793
1337,False,False,0.7864930358080714
1349,False,False,0.35496091271225566
1352,False,False,0.7381648463064757
1367,False,False,1.447019958594306
1370,False,False,1.0549369801532593
1376,True,True,0.8566017299835286
1378,False,False,1.2082135756239114
1379,True,True,1.9353266637179811
1385,True,False,0.717661453990407
1388,True,True,0.7205343020527349
1391,False,False,0.8317745924503931
1396,False,False,0.07884870547409248
1419,True,True,0.608744642777293
1430,False,False,0.9821513921461246
1437,True,True,0.6712152683356766
1453,True,True,1.2493832679918382
1461,True,True,1.6353775391013123
1475,False,False,1.2666842017609248
1476,True,True,1.1561595521245895
1479,False,False,1.4949320054553041
1489,False,False,1.1827365367912297
1491,False,False,0.9332402206712966
1501,False,False,1.1279478658041486
1505,False,False,0.6114346723878822
1510,False,False,1.2658854058560998
1515,True,True,0.10468491943781591
1527,False,False,0.9736156051325029
1528,True,False,1.2714355899431908
1529,False,False,0.9089692276101362
1535,False,False,2.047404554456996
1536,False,False,0.9288847868547456
1541,False,False,1.2529277871597846
1548,True,True,0.6539006599984765
1557,False,False,0.45653781017598116
1563,False,False,1.3269045025220443
1579,False,False,1.075243767994948
1584,False,False,1.2035777861892278
1585,False,False,1.7145075537960814
1588,True,False,0.6373739567111728
1590,True,True,1.1715525394559005
1595,True,False,0.5566958638221325
1598,False,False,2.2377929444028917
1602,False,False,0.8259267376549615
1609,False,False,1.075179970091701
1612,True,False,1.1455758864811691
1613,False,False,1.2964249291840102
1620,False,False,1.0147524578646399
1630,False,False,0.9623146758765067
1631,False,False,0.8698622463452017
1633,True,True,1.2827067620445607
1634,True,True,0.6617782210212738
1640,True,True,0.34463816221596844
1653,False,False,1.1419042988546695
1662,True,False,0.8272881985769184
1673,True,True,0.322476651355535
1675,False,False,0.3735025761529655
1677,False,False,0.9651479554361201
1693,False,False,1.3065376757817841
1694,False,False,1.055212000058721
1707,True,True,0.6742135186624407
1710,False,False,0.5757586551295079
1722,False,False,0.47697617385058144
1762,True,True,1.2793655881894859
1764,False,False,2.570204481601214
1767,True,True,0.5660689138537123
1769,False,False,0.873490400660899
1770,True,True,0.3657752058468902
1775,False,False,1.2753361039215825
1776,True,False,0.1752745467206562
1778,True,True,0.6477691734598261
1788,False,False,1.3578924095110936
1795,False,False,1.1881118580690893
1803,True,False,0.6158314178354645
1804,False,False,0.9588204968430373
1807,False,False,0.528011873249845
1822,False,False,0.20639971490070397
1823,False,False,1.2820739487615564
1828,True,True,0.06570429641964289
1829,True,True,0.6625554301408207
1835,False,False,1.0870463933337866
1845,False,False,0.5526921687673375
1848,True,True,0.514744272671086
1850,True,True,0.7649537506924842
1852,True,True,0.23987780053172808
1854,False,False,1.0649165066932003
1864,False,False,0.9732115074734679
1865,False,False,0.703881102941382
1892,True,True,0.3717492899897437
1899,False,False,1.2696751866742402
1900,False,False,2.1607182267950753
1901,False,False,0.5685210992250083
1906,True,True,1.5693032913927085
1907,False,False,1.248480332007786
1917,False,False,1.0113777569663942
1935,False,False,1.080774272577079
1943,False,False,0.48694674041334907
1944,False,False,1.5838244225842852
1947,True,True,1.270429715540295
1955,False,False,1.3215972577471944
1971,False,False,0.1915415242576159
1975,True,False,1.009354018593909
1985,False,False,1.759987187272575
1995,False,False,1.6250853923516937
2004,True,False,1.246015860393102
2007,False,False,1.4121249410106544
2012,False,False,1.6567930657613466
2015,False,False,1.3143154867368128
2019,True,True,1.7316710588238944
2020,False,False,0.8986282452411021
2022,False,False,1.286769166586369
2062,True,True,0.1442751470970965
2076,True,True,0.7203384284309137
2079,True,True,0.35121968022332856
2080,True,True,0.3924371561031553
2083,False,False,1.1809356493018035
2085,False,False,1.341189036685466
2087,False,False,1.2042906276395473
2097,False,False,0.27995664181643115
2110,False,False,1.436333347149234
2115,True,False,0.9394380848839909
2116,True,False,0.842582363725768
2129,False,False,0.9522619130285265
2131,True,True,0.493208505416721
2133,True,False,1.1296024492084948
2134,True,False,1.0299003612178557
2142,True,False,1.230408147240889
2162,False,False,1.600683278902405
2168,True,False,0.9327082477833035
2170,False,False,0.7342241656350977
2184,True,True,0.4529305759558799
2185,True,False,0.48441099647884583
2190,False,False,0.77241570749784
2193,False,False,0.5210894506259026
2194,False,False,0.9733355074197039
2199,False,False,0.4799886379775601
2200,False,False,1.220074923383373
2207,False,False,0.5412727989319401
2208,True,True,0.4549352268393234
2209,False,False,1.0725289860642826
2226,False,False,0.7676621745979753
2227,False,False,0.23143786021314333
2233,True,True,0.930333738843936
2234,False,False,1.3793203053851615
2260,True,False,0.3555914118336005
2261,True,True,0.9773058823248524
2264,False,False,0.9681114841932132
2266,False,False,1.1010086110757253
2277,True,True,0.16366527632100888
2280,False,False,1.1441155500271603
2284,False,False,1.0297654112440984
2294,True,True,0.11084820036427451
2295,False,False,0.41685866502705254
2296,True,False,1.1795344745351937
2301,True,True,0.4757243002857037
2305,False,False,0.9156826281405119
2307,False,False,0.8039785801925832
2312,False,False,1.0142097718431784
2314,True,False,0.8599414531014947
2317,False,False,1.3549934401751222
2318,True,True,0.04960981440976702
2322,False,False,0.735631703543502
2328,True,False,1.0302784755422303
2334,False,False,1.0944324198641504
2337,False,False,0.27157700303986615
2341,True,False,0.4214787731412674
2351,False,False,1.2270846494058438
2360,False,False,0.7799556397095596
2364,False,False,0.8930560298573511
2367,True,True,0.12459396278728409
2374,False,False,1.1476009534823346
2395,False,False,0.7790936716734184
2400,False,False,1.5188231195870592
2412,False,False,0.7898327449820095
2421,False,False,1.171727440533422
2425,True,True,0.3349149695183725
2427,False,False,1.1889665434953551
2437,False,False,1.1012281822655339
2445,True,True,0.8669212687065697
2447,True,True,0.3582511869754679
2448,False,False,0.8346784101954673
2449,True,True,0.7543493838754566
2451,True,False,1.0867112302253554
2459,False,False,0.40809309407679684
2462,False,False,1.1796846008062019
2467,True,False,1.2300128992256056
2479,False,False,1.0613030134985846
2484,True,True,1.428112860613651
2489,False,False,0.34294495203450925
2497,False,False,0.8468106369120296
